[['48.62995890000001, -124.7537899'], ['non-scenic', 0.00011504719], ['non-scenic', 0.00011504719], ['non-scenic', 0.00011504719]]
[['48.6315614, -124.7572768'], ['non-scenic', 0.00011504719], ['non-scenic', 0.00011504719], ['non-scenic', 0.00011504719]]
[['48.6320861, -124.758178'], ['non-scenic', 0.00011504719], ['non-scenic', 0.00011504719], ['non-scenic', 0.00011504719]]
[['48.6399631, -124.7683275'], ['non-scenic', 0.00011504719], ['non-scenic', 0.00011504719], ['non-scenic', 0.00011504719]]
[['48.6440263, -124.7705117'], ['non-scenic', 0.00011504719], ['non-scenic', 0.00011504719], ['non-scenic', 0.00011504719]]
[['48.65195, -124.7686279'], ['non-scenic', 0.00011504719], ['non-scenic', 0.00011504719], ['non-scenic', 0.00011504719]]
[['48.65937750000001, -124.7691751'], ['non-scenic', 0.00011504719], ['non-scenic', 0.00011504719], ['non-scenic', 0.00011504719]]
[['48.665954, -124.7656833'], ['non-scenic', 0.00011504719], ['non-scenic', 0.00011504719], ['non-scenic', 0.00011504719]]
[['48.6673566, -124.7635424'], ['non-scenic', 0.00011504719], ['non-scenic', 0.00011504719], ['non-scenic', 0.00011504719]]
[['48.67930150000001, -124.7486079'], ['non-scenic', 0.00011504719], ['non-scenic', 0.00011504719], ['non-scenic', 0.00011504719]]
[['48.7062475, -124.7531533'], ['non-scenic', 0.00011504719], ['non-scenic', 0.00011504719], ['non-scenic', 0.00011504719]]
[['48.7080765, -124.7537911'], ['non-scenic', 0.00011504719], ['non-scenic', 0.00011504719], ['non-scenic', 0.00011504719]]
[['48.711985, -124.754102'], ['non-scenic', 0.00011504719], ['non-scenic', 0.00011504719], ['non-scenic', 0.00011504719]]
[['48.713092, -124.753461'], ['non-scenic', 0.00011504719], ['non-scenic', 0.00011504719], ['non-scenic', 0.00011504719]]
[['48.729095, -124.748306'], ['non-scenic', 0.00011504719], ['non-scenic', 0.00011504719], ['non-scenic', 0.00011504719]]
[['48.729386, -124.748057'], ['non-scenic', 0.00011504719], ['non-scenic', 0.00011504719], ['non-scenic', 0.00011504719]]
[['48.7324849, -124.74486'], ['non-scenic', 0.00011504719], ['non-scenic', 0.00011504719], ['non-scenic', 0.00011504719]]
[['48.736119, -124.74013'], ['non-scenic', 0.00011504719], ['non-scenic', 0.00011504719], ['non-scenic', 0.00011504719]]
[['48.8025009, -124.7980662'], ['non-scenic', 0.00011504719], ['non-scenic', 0.00011504719], ['non-scenic', 0.00011504719]]
[['48.802754, -124.797143'], ['non-scenic', 0.00011504719], ['non-scenic', 0.00011504719], ['non-scenic', 0.00011504719]]
[['48.8043772, -124.7931456'], ['non-scenic', 0.00011504719], ['non-scenic', 0.00011504719], ['non-scenic', 0.00011504719]]
[['48.807635, -124.785808'], ['non-scenic', 0.00011504719], ['non-scenic', 0.00011504719], ['non-scenic', 0.00011504719]]
[['48.80947020000001, -124.7823784'], ['non-scenic', 0.00011504719], ['non-scenic', 0.00011504719], ['non-scenic', 0.00011504719]]
[['48.8138576, -124.7768248'], ['non-scenic', 0.00011504719], ['non-scenic', 0.00011504719], ['non-scenic', 0.00011504719]]
[['48.825167, -124.781294'], ['non-scenic', 0.00011504719], ['non-scenic', 0.00011504719], ['non-scenic', 0.00011504719]]
[['48.8303976, -124.779969'], ['non-scenic', 0.00011504719], ['non-scenic', 0.00011504719], ['non-scenic', 0.00011504719]]
[['48.83082, -124.780514'], ['non-scenic', 0.00011504719], ['non-scenic', 0.00011504719], ['non-scenic', 0.00011504719]]
[['48.864007, -124.765915'], ['non-scenic', 0.00011504719], ['non-scenic', 0.00011504719], ['non-scenic', 0.00011504719]]
[['48.8657753, -124.7717885'], ['non-scenic', 0.00011504719], ['non-scenic', 0.00011504719], ['non-scenic', 0.00011504719]]
[['48.868029, -124.777047'], ['non-scenic', 0.00011504719], ['non-scenic', 0.00011504719], ['non-scenic', 0.00011504719]]
[['48.8768259, -124.7765681'], ['non-scenic', 0.00011504719], ['non-scenic', 0.00011504719], ['non-scenic', 0.00011504719]]
[['48.8837718, -124.7678037'], ['non-scenic', 0.00011504719], ['non-scenic', 0.00011504719], ['non-scenic', 0.00011504719]]
[['48.9023613, -124.7824788'], ['non-scenic', 0.00011504719], ['non-scenic', 0.00011504719], ['non-scenic', 0.00011504719]]
[['48.9049601, -124.781422'], ['non-scenic', 0.00011504719], ['non-scenic', 0.00011504719], ['non-scenic', 0.00011504719]]
[['48.91821460000001, -124.7743133'], ['non-scenic', 0.00011504719], ['non-scenic', 0.00011504719], ['non-scenic', 0.00011504719]]
[['48.924512, -124.7747086'], ['non-scenic', 0.00011504719], ['non-scenic', 0.00011504719], ['non-scenic', 0.00011504719]]
[['48.931423, -124.7778807'], ['non-scenic', 0.00011504719], ['non-scenic', 0.00011504719], ['non-scenic', 0.00011504719]]
[['48.9391016, -124.7753989'], ['nature and woods', 4.6146515e-06], ['nature and woods', 2.3687255e-06], ['nature and woods', 2.0794901e-06]]
[['48.9497689, -124.7799012'], ['non-scenic', 0.00011504719], ['non-scenic', 0.00011504719], ['non-scenic', 0.00011504719]]
[['48.354673, -124.702672'], ['non-scenic', 0.00011504719], ['non-scenic', 0.00011504719], ['non-scenic', 0.00011504719]]
[['48.3730337, -124.7219071'], ['non-scenic', 5.2973269e-06], ['nature and woods', 3.6023089e-06], ['nature and woods', 1.0352026e-06]]
[['48.3734173, -124.7223574'], ['nature and woods', 2.57176e-05], ['nature and woods', 2.8978641e-06], ['nature and woods', 7.8060651e-07]]
[['48.37369839999999, -124.7226101'], ['nature and woods', 2.3357326e-05], ['nature and woods', 3.868005e-06], ['nature and woods', 1.9952402e-06]]
[['48.3745123, -124.7227677'], ['non-scenic', 2.6643374e-05], ['nature and woods', 1.8267989e-05], ['nature and woods', 4.3125419e-06]]
[['48.3751062, -124.7226307'], ['nature and woods', 2.5898104e-05], ['nature and woods', 1.9687536e-06], ['nature and woods', 7.1327526e-07]]
[['48.37827129999999, -124.7208642'], ['nature and woods', 2.3576054e-05], ['nature and woods', 9.9748252e-07], ['nature and woods', 7.2329937e-07]]
[['48.38605159999999, -124.7155663'], ['nature and woods', 4.3266132e-06], ['nature and woods', 4.3066616e-06], ['nature and woods', 1.7359098e-06]]
[['48.3861523, -124.7154719'], ['nature and woods', 4.3266132e-06], ['nature and woods', 4.3066616e-06], ['nature and woods', 1.7359098e-06]]
[['48.6313983, -124.7569656'], ['non-scenic', 0.00011504719], ['non-scenic', 0.00011504719], ['non-scenic', 0.00011504719]]
[['48.63363890000001, -124.759047'], ['non-scenic', 0.00011504719], ['non-scenic', 0.00011504719], ['non-scenic', 0.00011504719]]
[['48.6435928, -124.7610104'], ['non-scenic', 0.00011504719], ['non-scenic', 0.00011504719], ['non-scenic', 0.00011504719]]
[['48.6521343, -124.7662139'], ['non-scenic', 0.00011504719], ['non-scenic', 0.00011504719], ['non-scenic', 0.00011504719]]
[['48.6608729, -124.7677714'], ['non-scenic', 0.00011504719], ['non-scenic', 0.00011504719], ['non-scenic', 0.00011504719]]
[['48.6674416, -124.7630703'], ['non-scenic', 0.00011504719], ['non-scenic', 0.00011504719], ['non-scenic', 0.00011504719]]
[['48.67881269999999, -124.7487903'], ['non-scenic', 0.00011504719], ['non-scenic', 0.00011504719], ['non-scenic', 0.00011504719]]
[['48.6844159, -124.7457433'], ['non-scenic', 0.00011504719], ['non-scenic', 0.00011504719], ['non-scenic', 0.00011504719]]
[['48.705219, -124.751774'], ['non-scenic', 0.00011504719], ['non-scenic', 0.00011504719], ['non-scenic', 0.00011504719]]
[['48.7069141, -124.7535612'], ['non-scenic', 0.00011504719], ['non-scenic', 0.00011504719], ['non-scenic', 0.00011504719]]
[['48.7126718, -124.7537043'], ['non-scenic', 0.00011504719], ['non-scenic', 0.00011504719], ['non-scenic', 0.00011504719]]
[['48.728611, -124.74818'], ['non-scenic', 0.00011504719], ['non-scenic', 0.00011504719], ['non-scenic', 0.00011504719]]
[['48.759828, -124.710482'], ['non-scenic', 0.00011504719], ['non-scenic', 0.00011504719], ['non-scenic', 0.00011504719]]
[['48.80466200000001, -124.792444'], ['non-scenic', 0.00011504719], ['non-scenic', 0.00011504719], ['non-scenic', 0.00011504719]]
[['48.810882, -124.771253'], ['non-scenic', 0.00011504719], ['non-scenic', 0.00011504719], ['non-scenic', 0.00011504719]]
[['48.8110965, -124.7701811'], ['non-scenic', 0.00011504719], ['non-scenic', 0.00011504719], ['non-scenic', 0.00011504719]]
[['48.8118567, -124.7663809'], ['non-scenic', 0.00011504719], ['non-scenic', 0.00011504719], ['non-scenic', 0.00011504719]]
[['48.8126169, -124.7625806'], ['non-scenic', 0.00011504719], ['non-scenic', 0.00011504719], ['non-scenic', 0.00011504719]]
[['48.8252987, -124.7669164'], ['non-scenic', 0.00011504719], ['non-scenic', 0.00011504719], ['non-scenic', 0.00011504719]]
[['48.8298558, -124.7597081'], ['non-scenic', 0.00011504719], ['non-scenic', 0.00011504719], ['non-scenic', 0.00011504719]]
[['48.835033, -124.752154'], ['non-scenic', 0.00011504719], ['non-scenic', 0.00011504719], ['non-scenic', 0.00011504719]]
[['48.8606407, -124.7549514'], ['non-scenic', 0.00011504719], ['non-scenic', 0.00011504719], ['non-scenic', 0.00011504719]]
[['48.8625404, -124.7605335'], ['non-scenic', 0.00011504719], ['non-scenic', 0.00011504719], ['non-scenic', 0.00011504719]]
[['48.86659, -124.7646829'], ['non-scenic', 0.00011504719], ['non-scenic', 0.00011504719], ['non-scenic', 0.00011504719]]
[['48.87789799999999, -124.7650317'], ['non-scenic', 0.00011504719], ['non-scenic', 0.00011504719], ['non-scenic', 0.00011504719]]
[['48.8867827, -124.7649416'], ['non-scenic', 0.00011504719], ['non-scenic', 0.00011504719], ['non-scenic', 0.00011504719]]
[['48.8919594, -124.7584179'], ['non-scenic', 0.00011504719], ['non-scenic', 0.00011504719], ['non-scenic', 0.00011504719]]
[['48.908447, -124.761353'], ['non-scenic', 0.00011504719], ['non-scenic', 0.00011504719], ['non-scenic', 0.00011504719]]
[['48.913312, -124.7622918'], ['non-scenic', 0.00011504719], ['non-scenic', 0.00011504719], ['non-scenic', 0.00011504719]]
[['48.9220239, -124.763203'], ['non-scenic', 0.00011504719], ['non-scenic', 0.00011504719], ['non-scenic', 0.00011504719]]
[['48.9293756, -124.7628294'], ['non-scenic', 0.00011504719], ['non-scenic', 0.00011504719], ['non-scenic', 0.00011504719]]
[['48.9403075, -124.7633395'], ['non-scenic', 0.00011504719], ['non-scenic', 0.00011504719], ['non-scenic', 0.00011504719]]
[['48.9487096, -124.7622315'], ['nature and woods', 4.5691817e-05], ['nature and woods', 6.089067e-06], ['nature and woods', 4.8804263e-06]]
[['48.2014405, -124.6837469'], ['non-scenic', 0.00011504719], ['non-scenic', 0.00011504719], ['non-scenic', 0.00011504719]]
[['48.3440604, -124.6937233'], ['non-scenic', 0.00011504719], ['non-scenic', 0.00011504719], ['non-scenic', 0.00011504719]]
[['48.3557934, -124.7033396'], ['non-scenic', 0.00011504719], ['non-scenic', 0.00011504719], ['non-scenic', 0.00011504719]]
[['48.3736319, -124.7225596'], ['nature and woods', 1.5966774e-05], ['nature and woods', 5.5601868e-06], ['nature and woods', 5.1223342e-06]]
[['48.3744011, -124.7227558'], ['non-scenic', 2.6643374e-05], ['nature and woods', 1.8267989e-05], ['nature and woods', 4.3125419e-06]]
[['48.3754791, -124.7224706'], ['nature and woods', 1.340055e-05], ['nature and woods', 2.5776742e-06], ['nature and woods', 1.0401984e-06]]
[['48.3784918, -124.7206855'], ['nature and woods', 0.00010008796], ['nature and woods', 2.4415458e-06], ['nature and woods', 1.3096285e-06]]
[['48.3866488, -124.7144796'], ['non-scenic', 0.00011504719], ['non-scenic', 0.00011504719], ['non-scenic', 0.00011504719]]
[['48.625307, -124.7298002'], ['non-scenic', 0.00011504719], ['non-scenic', 0.00011504719], ['non-scenic', 0.00011504719]]
[['48.6354327, -124.751054'], ['non-scenic', 0.00011504719], ['non-scenic', 0.00011504719], ['non-scenic', 0.00011504719]]
[['48.64192689999999, -124.7488439'], ['non-scenic', 0.00011504719], ['non-scenic', 0.00011504719], ['non-scenic', 0.00011504719]]
[['48.6520716, -124.7491392'], ['non-scenic', 0.00011504719], ['non-scenic', 0.00011504719], ['non-scenic', 0.00011504719]]
[['48.6599444, -124.7464621'], ['non-scenic', 0.00011504719], ['non-scenic', 0.00011504719], ['non-scenic', 0.00011504719]]
[['48.6704458, -124.7485864'], ['non-scenic', 0.00011504719], ['non-scenic', 0.00011504719], ['non-scenic', 0.00011504719]]
[['48.6789475, -124.74874'], ['non-scenic', 0.00011504719], ['non-scenic', 0.00011504719], ['non-scenic', 0.00011504719]]
[['48.6868635, -124.7435412'], ['non-scenic', 0.00011504719], ['non-scenic', 0.00011504719], ['non-scenic', 0.00011504719]]
[['48.70198600000001, -124.745436'], ['non-scenic', 0.00011504719], ['non-scenic', 0.00011504719], ['non-scenic', 0.00011504719]]
[['48.7048286, -124.7510042'], ['non-scenic', 0.00011504719], ['non-scenic', 0.00011504719], ['non-scenic', 0.00011504719]]
[['48.7155757, -124.7494594'], ['non-scenic', 0.00011504719], ['non-scenic', 0.00011504719], ['non-scenic', 0.00011504719]]
[['48.727995, -124.747275'], ['non-scenic', 0.00011504719], ['non-scenic', 0.00011504719], ['non-scenic', 0.00011504719]]
[['48.73188769999999, -124.7454509'], ['non-scenic', 0.00011504719], ['non-scenic', 0.00011504719], ['non-scenic', 0.00011504719]]
[['48.7760537, -124.708583'], ['non-scenic', 0.00011504719], ['non-scenic', 0.00011504719], ['non-scenic', 0.00011504719]]
[['48.8132732, -124.7513975'], ['non-scenic', 0.00011504719], ['non-scenic', 0.00011504719], ['non-scenic', 0.00011504719]]
[['48.8132927, -124.7507635'], ['non-scenic', 0.00011504719], ['non-scenic', 0.00011504719], ['non-scenic', 0.00011504719]]
[['48.8133121, -124.7501295'], ['non-scenic', 0.00011504719], ['non-scenic', 0.00011504719], ['non-scenic', 0.00011504719]]
[['48.8133315, -124.7494954'], ['non-scenic', 0.00011504719], ['non-scenic', 0.00011504719], ['non-scenic', 0.00011504719]]
[['48.8296426, -124.7600167'], ['non-scenic', 0.00011504719], ['non-scenic', 0.00011504719], ['non-scenic', 0.00011504719]]
[['48.83392, -124.753151'], ['non-scenic', 0.00011504719], ['non-scenic', 0.00011504719], ['non-scenic', 0.00011504719]]
[['48.840197, -124.7468'], ['non-scenic', 0.00011504719], ['non-scenic', 0.00011504719], ['non-scenic', 0.00011504719]]
[['48.853421, -124.742694'], ['non-scenic', 0.00011504719], ['non-scenic', 0.00011504719], ['non-scenic', 0.00011504719]]
[['48.85935079999999, -124.749598'], ['non-scenic', 0.00011504719], ['non-scenic', 0.00011504719], ['non-scenic', 0.00011504719]]
[['48.8628999, -124.7546453'], ['non-scenic', 0.00011504719], ['non-scenic', 0.00011504719], ['non-scenic', 0.00011504719]]
[['48.8795536, -124.7632769'], ['non-scenic', 0.00011504719], ['non-scenic', 0.00011504719], ['non-scenic', 0.00011504719]]
[['48.8930381, -124.7539621'], ['non-scenic', 0.00011504719], ['non-scenic', 0.00011504719], ['non-scenic', 0.00011504719]]
[['48.893079, -124.753813'], ['non-scenic', 0.00011504719], ['non-scenic', 0.00011504719], ['non-scenic', 0.00011504719]]
[['48.908721, -124.759902'], ['non-scenic', 0.00011504719], ['non-scenic', 0.00011504719], ['non-scenic', 0.00011504719]]
[['48.9181494, -124.7481894'], ['non-scenic', 0.00011504719], ['non-scenic', 0.00011504719], ['non-scenic', 0.00011504719]]
[['48.9243436, -124.7501839'], ['non-scenic', 0.00011504719], ['non-scenic', 0.00011504719], ['non-scenic', 0.00011504719]]
[['48.92924499999999, -124.74966'], ['non-scenic', 0.00011504719], ['non-scenic', 0.00011504719], ['non-scenic', 0.00011504719]]
[['48.938525, -124.746365'], ['non-scenic', 0.00011504719], ['non-scenic', 0.00011504719], ['non-scenic', 0.00011504719]]
[['48.94871699999999, -124.754097'], ['non-scenic', 0.00011504719], ['non-scenic', 0.00011504719], ['non-scenic', 0.00011504719]]
[['48.1675318, -124.6752747'], ['non-scenic', 0.00011504719], ['non-scenic', 0.00011504719], ['non-scenic', 0.00011504719]]
[['48.3692115, -124.7151632'], ['nature and woods', 5.3042495e-06], ['nature and woods', 2.1824796e-06], ['nature and woods', 2.1280971e-06]]
[['48.3741614, -124.7227185'], ['nature and woods', 6.9639464e-06], ['nature and woods', 6.3048601e-06], ['nature and woods', 5.7051393e-06]]
[['48.637815, -124.738276'], ['non-scenic', 0.00011504719], ['non-scenic', 0.00011504719], ['non-scenic', 0.00011504719]]
[['48.642878, -124.736057'], ['non-scenic', 0.00011504719], ['non-scenic', 0.00011504719], ['non-scenic', 0.00011504719]]
[['48.65222, -124.7340004'], ['non-scenic', 0.00011504719], ['non-scenic', 0.00011504719], ['non-scenic', 0.00011504719]]
[['48.66089119999999, -124.7352058'], ['non-scenic', 0.00011504719], ['non-scenic', 0.00011504719], ['non-scenic', 0.00011504719]]
[['48.6700342, -124.7393521'], ['non-scenic', 0.00011504719], ['non-scenic', 0.00011504719], ['non-scenic', 0.00011504719]]
[['48.6823192, -124.7355831'], ['non-scenic', 0.00011504719], ['non-scenic', 0.00011504719], ['non-scenic', 0.00011504719]]
[['48.689046, -124.7366653'], ['non-scenic', 0.00011504719], ['non-scenic', 0.00011504719], ['non-scenic', 0.00011504719]]
[['48.697337, -124.732772'], ['non-scenic', 0.00011504719], ['non-scenic', 0.00011504719], ['non-scenic', 0.00011504719]]
[['48.705554, -124.734414'], ['non-scenic', 0.00011504719], ['non-scenic', 0.00011504719], ['non-scenic', 0.00011504719]]
[['48.7153957, -124.7329982'], ['non-scenic', 0.00011504719], ['non-scenic', 0.00011504719], ['non-scenic', 0.00011504719]]
[['48.72414939999999, -124.7369213'], ['non-scenic', 0.00011504719], ['non-scenic', 0.00011504719], ['non-scenic', 0.00011504719]]
[['48.7330438, -124.7364916'], ['non-scenic', 0.00011504719], ['non-scenic', 0.00011504719], ['non-scenic', 0.00011504719]]
[['48.7359199, -124.7382865'], ['non-scenic', 0.00011504719], ['non-scenic', 0.00011504719], ['non-scenic', 0.00011504719]]
[['48.736161, -124.739683'], ['non-scenic', 0.00011504719], ['non-scenic', 0.00011504719], ['non-scenic', 0.00011504719]]
[['48.813728, -124.743919'], ['non-scenic', 0.00011504719], ['non-scenic', 0.00011504719], ['non-scenic', 0.00011504719]]
[['48.816202, -124.7385535'], ['non-scenic', 0.00011504719], ['non-scenic', 0.00011504719], ['non-scenic', 0.00011504719]]
[['48.822114, -124.7321723'], ['non-scenic', 0.00011504719], ['non-scenic', 0.00011504719], ['non-scenic', 0.00011504719]]
[['48.8271143, -124.7269131'], ['non-scenic', 0.00011504719], ['non-scenic', 0.00011504719], ['non-scenic', 0.00011504719]]
[['48.842754, -124.737757'], ['non-scenic', 0.00011504719], ['non-scenic', 0.00011504719], ['non-scenic', 0.00011504719]]
[['48.8488622, -124.738658'], ['non-scenic', 0.00011504719], ['non-scenic', 0.00011504719], ['non-scenic', 0.00011504719]]
[['48.8622782, -124.7354302'], ['non-scenic', 0.00011504719], ['non-scenic', 0.00011504719], ['non-scenic', 0.00011504719]]
[['48.8623421, -124.7365788'], ['non-scenic', 0.00011504719], ['non-scenic', 0.00011504719], ['non-scenic', 0.00011504719]]
[['48.862403, -124.737674'], ['non-scenic', 0.00011504719], ['non-scenic', 0.00011504719], ['non-scenic', 0.00011504719]]
[['48.9059262, -124.7288936'], ['non-scenic', 0.00011504719], ['non-scenic', 0.00011504719], ['non-scenic', 0.00011504719]]
[['48.9144461, -124.7355128'], ['non-scenic', 0.00011504719], ['non-scenic', 0.00011504719], ['non-scenic', 0.00011504719]]
[['48.9221788, -124.7351661'], ['non-scenic', 0.00011504719], ['non-scenic', 0.00011504719], ['non-scenic', 0.00011504719]]
[['48.93060329999999, -124.7361241'], ['non-scenic', 0.00011504719], ['non-scenic', 0.00011504719], ['non-scenic', 0.00011504719]]
[['48.939874, -124.7347491'], ['non-scenic', 0.00011504719], ['non-scenic', 0.00011504719], ['non-scenic', 0.00011504719]]
[['48.94887199999999, -124.736127'], ['non-scenic', 0.00011504719], ['non-scenic', 0.00011504719], ['non-scenic', 0.00011504719]]
[['48.000032, -124.659577'], ['non-scenic', 0.00011504719], ['non-scenic', 0.00011504719], ['non-scenic', 0.00011504719]]
[['48.006008, -124.662546'], ['non-scenic', 0.00011504719], ['non-scenic', 0.00011504719], ['non-scenic', 0.00011504719]]
[['48.0073358, -124.6629158'], ['non-scenic', 0.00011504719], ['non-scenic', 0.00011504719], ['non-scenic', 0.00011504719]]
[['48.0079113, -124.6628707'], ['non-scenic', 0.00011504719], ['non-scenic', 0.00011504719], ['non-scenic', 0.00011504719]]
[['48.0290835, -124.6639103'], ['non-scenic', 0.00011504719], ['non-scenic', 0.00011504719], ['non-scenic', 0.00011504719]]
[['48.0406608, -124.6628434'], ['non-scenic', 0.00011504719], ['non-scenic', 0.00011504719], ['non-scenic', 0.00011504719]]
[['48.0427129, -124.6629291'], ['non-scenic', 0.00011504719], ['non-scenic', 0.00011504719], ['non-scenic', 0.00011504719]]
[['48.0505856, -124.6618707'], ['non-scenic', 0.00011504719], ['non-scenic', 0.00011504719], ['non-scenic', 0.00011504719]]
[['48.0518759, -124.6611731'], ['non-scenic', 0.00011504719], ['non-scenic', 0.00011504719], ['non-scenic', 0.00011504719]]
[['48.15369450000001, -124.6686722'], ['non-scenic', 0.00011504719], ['non-scenic', 0.00011504719], ['non-scenic', 0.00011504719]]
[['48.1537261, -124.6686982'], ['non-scenic', 0.00011504719], ['non-scenic', 0.00011504719], ['non-scenic', 0.00011504719]]
[['48.1537452, -124.668706'], ['non-scenic', 0.00011504719], ['non-scenic', 0.00011504719], ['non-scenic', 0.00011504719]]
[['48.1873687, -124.676945'], ['non-scenic', 0.00011504719], ['non-scenic', 0.00011504719], ['non-scenic', 0.00011504719]]
[['48.2287679, -124.6662509'], ['non-scenic', 0.00011504719], ['non-scenic', 0.00011504719], ['non-scenic', 0.00011504719]]
[['48.2382271, -124.6661869'], ['non-scenic', 0.00011504719], ['non-scenic', 0.00011504719], ['non-scenic', 0.00011504719]]
[['48.2470078, -124.6663328'], ['non-scenic', 0.00011504719], ['non-scenic', 0.00011504719], ['non-scenic', 0.00011504719]]
[['48.2670343, -124.6638177'], ['non-scenic', 0.00011504719], ['non-scenic', 0.00011504719], ['non-scenic', 0.00011504719]]
[['48.2705036, -124.6634116'], ['non-scenic', 0.00011504719], ['non-scenic', 0.00011504719], ['non-scenic', 0.00011504719]]
[['48.2937957, -124.6649059'], ['nature and woods', 2.0494128e-05], ['nature and woods', 2.6953703e-06], ['nature and woods', 1.1672151e-06]]
[['48.2968098, -124.666369'], ['nature and woods', 3.3388787e-06], ['nature and woods', 2.6174616e-06], ['nature and woods', 2.4549081e-06]]
[['48.3731351, -124.7220286'], ['nature and woods', 1.388502e-05], ['non-scenic', 4.6450587e-06], ['nature and woods', 3.6380277e-06]]
[['48.3793442, -124.7194366'], ['fields', 3.9784136e-05], ['nature and woods', 2.9529012e-06], ['nature and woods', 1.3115202e-06]]
[['48.626938, -124.7288132'], ['non-scenic', 0.00011504719], ['non-scenic', 0.00011504719], ['non-scenic', 0.00011504719]]
[['48.63392100000001, -124.7222498'], ['non-scenic', 0.00011504719], ['non-scenic', 0.00011504719], ['non-scenic', 0.00011504719]]
[['48.6422445, -124.7210274'], ['non-scenic', 0.00011504719], ['non-scenic', 0.00011504719], ['non-scenic', 0.00011504719]]
[['48.6508231, -124.7223973'], ['non-scenic', 0.00011504719], ['non-scenic', 0.00011504719], ['non-scenic', 0.00011504719]]
[['48.6585374, -124.7204631'], ['non-scenic', 0.00011504719], ['non-scenic', 0.00011504719], ['non-scenic', 0.00011504719]]
[['48.6666409, -124.7366667'], ['non-scenic', 0.00011504719], ['non-scenic', 0.00011504719], ['non-scenic', 0.00011504719]]
[['48.689395, -124.714617'], ['non-scenic', 0.00011504719], ['non-scenic', 0.00011504719], ['non-scenic', 0.00011504719]]
[['48.6966455, -124.7207932'], ['non-scenic', 0.00011504719], ['non-scenic', 0.00011504719], ['non-scenic', 0.00011504719]]
[['48.70606009999999, -124.7221231'], ['non-scenic', 0.00011504719], ['non-scenic', 0.00011504719], ['non-scenic', 0.00011504719]]
[['48.718623, -124.720818'], ['non-scenic', 0.00011504719], ['non-scenic', 0.00011504719], ['non-scenic', 0.00011504719]]
[['48.7255253, -124.7244356'], ['non-scenic', 0.00011504719], ['non-scenic', 0.00011504719], ['non-scenic', 0.00011504719]]
[['48.7297602, -124.7219809'], ['non-scenic', 0.00011504719], ['non-scenic', 0.00011504719], ['non-scenic', 0.00011504719]]
[['48.734976, -124.712495'], ['non-scenic', 0.00011504719], ['non-scenic', 0.00011504719], ['non-scenic', 0.00011504719]]
[['48.751615, -124.709183'], ['non-scenic', 0.00011504719], ['non-scenic', 0.00011504719], ['non-scenic', 0.00011504719]]
[['48.7694752, -124.706074'], ['non-scenic', 0.00011504719], ['non-scenic', 0.00011504719], ['non-scenic', 0.00011504719]]
[['48.806347, -124.710008'], ['non-scenic', 0.00011504719], ['non-scenic', 0.00011504719], ['non-scenic', 0.00011504719]]
[['48.8166065, -124.7124839'], ['non-scenic', 0.00011504719], ['non-scenic', 0.00011504719], ['non-scenic', 0.00011504719]]
[['48.8232115, -124.7170007'], ['non-scenic', 0.00011504719], ['non-scenic', 0.00011504719], ['non-scenic', 0.00011504719]]
[['48.832073, -124.7186389'], ['non-scenic', 0.00011504719], ['non-scenic', 0.00011504719], ['non-scenic', 0.00011504719]]
[['48.8362229, -124.71792'], ['non-scenic', 0.00011504719], ['non-scenic', 0.00011504719], ['non-scenic', 0.00011504719]]
[['48.8471696, -124.7345267'], ['non-scenic', 0.00011504719], ['non-scenic', 0.00011504719], ['non-scenic', 0.00011504719]]
[['48.86419069999999, -124.7217322'], ['non-scenic', 0.00011504719], ['non-scenic', 0.00011504719], ['non-scenic', 0.00011504719]]
[['48.8642148, -124.722439'], ['non-scenic', 0.00011504719], ['non-scenic', 0.00011504719], ['non-scenic', 0.00011504719]]
[['48.868495, -124.710502'], ['non-scenic', 0.00011504719], ['non-scenic', 0.00011504719], ['non-scenic', 0.00011504719]]
[['48.8950684, -124.7085893'], ['non-scenic', 0.00011504719], ['non-scenic', 0.00011504719], ['non-scenic', 0.00011504719]]
[['48.9011268, -124.7183516'], ['non-scenic', 0.00011504719], ['non-scenic', 0.00011504719], ['non-scenic', 0.00011504719]]
[['48.9035922, -124.7190683'], ['non-scenic', 0.00011504719], ['non-scenic', 0.00011504719], ['non-scenic', 0.00011504719]]
[['48.910986, -124.7211183'], ['non-scenic', 0.00011504719], ['non-scenic', 0.00011504719], ['non-scenic', 0.00011504719]]
[['48.9220001, -124.7221176'], ['non-scenic', 0.00011504719], ['non-scenic', 0.00011504719], ['non-scenic', 0.00011504719]]
[['48.9363429, -124.7244573'], ['non-scenic', 0.00011504719], ['non-scenic', 0.00011504719], ['non-scenic', 0.00011504719]]
[['48.9398888, -124.7219706'], ['non-scenic', 0.00011504719], ['non-scenic', 0.00011504719], ['non-scenic', 0.00011504719]]
[['48.95077999999999, -124.721059'], ['non-scenic', 0.00011504719], ['non-scenic', 0.00011504719], ['non-scenic', 0.00011504719]]
[['47.97490699999999, -124.6514574'], ['non-scenic', 0.00011504719], ['non-scenic', 0.00011504719], ['non-scenic', 0.00011504719]]
[['47.97513499999999, -124.6515809'], ['non-scenic', 0.00011504719], ['non-scenic', 0.00011504719], ['non-scenic', 0.00011504719]]
[['47.978068, -124.6517682'], ['non-scenic', 0.00011504719], ['non-scenic', 0.00011504719], ['non-scenic', 0.00011504719]]
[['48.0254629, -124.663048'], ['non-scenic', 0.00011504719], ['non-scenic', 0.00011504719], ['non-scenic', 0.00011504719]]
[['48.0534191, -124.6598488'], ['non-scenic', 0.00011504719], ['non-scenic', 0.00011504719], ['non-scenic', 0.00011504719]]
[['48.1536346, -124.6686044'], ['non-scenic', 0.00011504719], ['non-scenic', 0.00011504719], ['non-scenic', 0.00011504719]]
[['48.2288417, -124.66625'], ['non-scenic', 0.00011504719], ['non-scenic', 0.00011504719], ['non-scenic', 0.00011504719]]
[['48.2381883, -124.6661867'], ['non-scenic', 0.00011504719], ['non-scenic', 0.00011504719], ['non-scenic', 0.00011504719]]
[['48.27056289999999, -124.6634034'], ['non-scenic', 0.00011504719], ['non-scenic', 0.00011504719], ['non-scenic', 0.00011504719]]
[['48.3059529, -124.6630223'], ['nature and woods', 9.1657326e-05], ['non-scenic', 8.6046726e-05], ['water', 3.1641455e-05]]
[['48.363025, -124.705936'], ['non-scenic', 0.00011504719], ['non-scenic', 0.00011504719], ['non-scenic', 0.00011504719]]
[['48.37454049999999, -124.7086978'], ['non-scenic', 0.00011504719], ['non-scenic', 0.00011504719], ['non-scenic', 0.00011504719]]
[['48.3813365, -124.7099424'], ['non-scenic', 0.00011504719], ['non-scenic', 0.00011504719], ['non-scenic', 0.00011504719]]
[['48.3858414, -124.7095987'], ['non-scenic', 0.00011504719], ['non-scenic', 0.00011504719], ['non-scenic', 0.00011504719]]
[['48.6291647, -124.709394'], ['non-scenic', 0.00011504719], ['non-scenic', 0.00011504719], ['non-scenic', 0.00011504719]]
[['48.6331801, -124.7055075'], ['non-scenic', 0.00011504719], ['non-scenic', 0.00011504719], ['non-scenic', 0.00011504719]]
[['48.64493969999999, -124.7088146'], ['non-scenic', 0.00011504719], ['non-scenic', 0.00011504719], ['non-scenic', 0.00011504719]]
[['48.6524548, -124.7084508'], ['non-scenic', 0.00011504719], ['non-scenic', 0.00011504719], ['non-scenic', 0.00011504719]]
[['48.65905859999999, -124.7088897'], ['non-scenic', 0.00011504719], ['non-scenic', 0.00011504719], ['non-scenic', 0.00011504719]]
[['48.6634239, -124.6981072'], ['non-scenic', 0.00011504719], ['non-scenic', 0.00011504719], ['non-scenic', 0.00011504719]]
[['48.690136, -124.710783'], ['non-scenic', 0.00011504719], ['non-scenic', 0.00011504719], ['non-scenic', 0.00011504719]]
[['48.69698, -124.709126'], ['non-scenic', 0.00011504719], ['non-scenic', 0.00011504719], ['non-scenic', 0.00011504719]]
[['48.70660059999999, -124.7098548'], ['non-scenic', 0.00011504719], ['non-scenic', 0.00011504719], ['non-scenic', 0.00011504719]]
[['48.715979, -124.706847'], ['non-scenic', 0.00011504719], ['non-scenic', 0.00011504719], ['non-scenic', 0.00011504719]]
[['48.724474, -124.706685'], ['non-scenic', 0.00011504719], ['non-scenic', 0.00011504719], ['non-scenic', 0.00011504719]]
[['48.7338643, -124.70885'], ['non-scenic', 0.00011504719], ['non-scenic', 0.00011504719], ['non-scenic', 0.00011504719]]
[['48.7422169, -124.705314'], ['non-scenic', 0.00011504719], ['non-scenic', 0.00011504719], ['non-scenic', 0.00011504719]]
[['48.7510106, -124.7090233'], ['non-scenic', 0.00011504719], ['non-scenic', 0.00011504719], ['non-scenic', 0.00011504719]]
[['48.76005199999999, -124.7083732'], ['non-scenic', 0.00011504719], ['non-scenic', 0.00011504719], ['non-scenic', 0.00011504719]]
[['48.7765397, -124.7068719'], ['non-scenic', 0.00011504719], ['non-scenic', 0.00011504719], ['non-scenic', 0.00011504719]]
[['48.7842896, -124.6967769'], ['non-scenic', 0.00011504719], ['non-scenic', 0.00011504719], ['non-scenic', 0.00011504719]]
[['48.8113696, -124.705453'], ['non-scenic', 0.00011504719], ['non-scenic', 0.00011504719], ['non-scenic', 0.00011504719]]
[['48.8231229, -124.7069062'], ['non-scenic', 0.00011504719], ['non-scenic', 0.00011504719], ['non-scenic', 0.00011504719]]
[['48.83057489999999, -124.7135098'], ['non-scenic', 0.00011504719], ['non-scenic', 0.00011504719], ['non-scenic', 0.00011504719]]
[['48.866172, -124.711868'], ['non-scenic', 0.00011504719], ['non-scenic', 0.00011504719], ['non-scenic', 0.00011504719]]
[['48.8685859, -124.7084021'], ['non-scenic', 0.00011504719], ['non-scenic', 0.00011504719], ['non-scenic', 0.00011504719]]
[['48.876451, -124.703613'], ['non-scenic', 0.00011504719], ['non-scenic', 0.00011504719], ['non-scenic', 0.00011504719]]
[['48.89313569999999, -124.7048557'], ['non-scenic', 0.00011504719], ['non-scenic', 0.00011504719], ['non-scenic', 0.00011504719]]
[['48.8950684, -124.7084279'], ['non-scenic', 0.00011504719], ['non-scenic', 0.00011504719], ['non-scenic', 0.00011504719]]
[['48.9027159, -124.7082796'], ['non-scenic', 0.00011504719], ['non-scenic', 0.00011504719], ['non-scenic', 0.00011504719]]
[['48.91306119999999, -124.7107077'], ['non-scenic', 0.00011504719], ['non-scenic', 0.00011504719], ['non-scenic', 0.00011504719]]
[['48.922093, -124.7081427'], ['non-scenic', 0.00011504719], ['non-scenic', 0.00011504719], ['non-scenic', 0.00011504719]]
[['48.9302488, -124.7050924'], ['non-scenic', 0.00011504719], ['non-scenic', 0.00011504719], ['non-scenic', 0.00011504719]]
[['48.9402436, -124.708521'], ['non-scenic', 0.00011504719], ['non-scenic', 0.00011504719], ['non-scenic', 0.00011504719]]
[['48.949214, -124.7082639'], ['non-scenic', 0.00011504719], ['non-scenic', 0.00011504719], ['non-scenic', 0.00011504719]]
[['47.908037, -124.6392427'], ['sightseeing', 0.050364845], ['water', 0.00054195075], ['non-scenic', 6.6773478e-05]]
[['47.9080715, -124.6392656'], ['water', 0.010582932], ['non-scenic', 0.0040414468], ['non-scenic', 0.0001708685]]
[['47.9081076, -124.6392642'], ['water', 0.010582932], ['non-scenic', 0.0040414468], ['non-scenic', 0.0001708685]]
[['47.92135709999999, -124.6382023'], ['nature and woods', 0.00012403398], ['non-scenic', 4.5149271e-05], ['nature and woods', 9.7409438e-06]]
[['47.9708791, -124.6482569'], ['non-scenic', 0.00011504719], ['non-scenic', 0.00011504719], ['non-scenic', 0.00011504719]]
[['47.9745137, -124.6512062'], ['non-scenic', 0.00011504719], ['non-scenic', 0.00011504719], ['non-scenic', 0.00011504719]]
[['48.0296828, -124.6638495'], ['non-scenic', 0.00011504719], ['non-scenic', 0.00011504719], ['non-scenic', 0.00011504719]]
[['48.05021199999999, -124.661881'], ['non-scenic', 0.00011504719], ['non-scenic', 0.00011504719], ['non-scenic', 0.00011504719]]
[['48.14457489999999, -124.653062'], ['nature and woods', 3.0557418e-05], ['nature and woods', 8.8927281e-06], ['nature and woods', 3.2477556e-06]]
[['48.1452513, -124.6540882'], ['nature and woods', 7.5476801e-06], ['nature and woods', 4.5693364e-06], ['nature and woods', 2.8438053e-06]]
[['48.1989755, -124.681088'], ['non-scenic', 0.00011504719], ['non-scenic', 0.00011504719], ['non-scenic', 0.00011504719]]
[['48.2242014, -124.6663107'], ['non-scenic', 0.00011504719], ['non-scenic', 0.00011504719], ['non-scenic', 0.00011504719]]
[['48.2289171, -124.666249'], ['non-scenic', 0.00011504719], ['non-scenic', 0.00011504719], ['non-scenic', 0.00011504719]]
[['48.2381511, -124.6661865'], ['non-scenic', 0.00011504719], ['non-scenic', 0.00011504719], ['non-scenic', 0.00011504719]]
[['48.2933973, -124.6646445'], ['nature and woods', 5.7917023e-06], ['nature and woods', 4.9316996e-06], ['nature and woods', 6.1155771e-07]]
[['48.31109989999999, -124.6608537'], ['nature and woods', 6.5183063e-05], ['fields', 4.1360894e-05], ['nature and woods', 6.4770443e-06]]
[['48.3441015, -124.6935642'], ['non-scenic', 0.00011504719], ['non-scenic', 0.00011504719], ['non-scenic', 0.00011504719]]
[['48.3540127, -124.6962098'], ['nature and woods', 1.440497e-05], ['nature and woods', 1.9897907e-06], ['nature and woods', 2.9411774e-07]]
[['48.36600600000001, -124.696432'], ['non-scenic', 0.00011504719], ['non-scenic', 0.00011504719], ['non-scenic', 0.00011504719]]
[['48.37260089999999, -124.6949973'], ['non-scenic', 0.00011504719], ['non-scenic', 0.00011504719], ['non-scenic', 0.00011504719]]
[['48.3809196, -124.6969124'], ['non-scenic', 0.00011504719], ['non-scenic', 0.00011504719], ['non-scenic', 0.00011504719]]
[['48.3871356, -124.6966198'], ['non-scenic', 0.00011504719], ['non-scenic', 0.00011504719], ['non-scenic', 0.00011504719]]
[['48.6294058, -124.7079778'], ['non-scenic', 0.00011504719], ['non-scenic', 0.00011504719], ['non-scenic', 0.00011504719]]
[['48.62963269999999, -124.707334'], ['non-scenic', 0.00011504719], ['non-scenic', 0.00011504719], ['non-scenic', 0.00011504719]]
[['48.6304269, -124.7060251'], ['non-scenic', 0.00011504719], ['non-scenic', 0.00011504719], ['non-scenic', 0.00011504719]]
[['48.6340289, -124.7049093'], ['non-scenic', 0.00011504719], ['non-scenic', 0.00011504719], ['non-scenic', 0.00011504719]]
[['48.64536, -124.7081753'], ['non-scenic', 0.00011504719], ['non-scenic', 0.00011504719], ['non-scenic', 0.00011504719]]
[['48.6524887, -124.7071731'], ['non-scenic', 0.00011504719], ['non-scenic', 0.00011504719], ['non-scenic', 0.00011504719]]
[['48.6611492, -124.6986544'], ['non-scenic', 0.00011504719], ['non-scenic', 0.00011504719], ['non-scenic', 0.00011504719]]
[['48.689684, -124.70184'], ['non-scenic', 0.00011504719], ['non-scenic', 0.00011504719], ['non-scenic', 0.00011504719]]
[['48.690486, -124.701106'], ['non-scenic', 0.00011504719], ['non-scenic', 0.00011504719], ['non-scenic', 0.00011504719]]
[['48.6983259, -124.6989422'], ['non-scenic', 0.00011504719], ['non-scenic', 0.00011504719], ['non-scenic', 0.00011504719]]
[['48.707181, -124.693975'], ['non-scenic', 0.00011504719], ['non-scenic', 0.00011504719], ['non-scenic', 0.00011504719]]
[['48.717858, -124.699568'], ['non-scenic', 0.00011504719], ['non-scenic', 0.00011504719], ['non-scenic', 0.00011504719]]
[['48.72417799999999, -124.69868'], ['non-scenic', 0.00011504719], ['non-scenic', 0.00011504719], ['non-scenic', 0.00011504719]]
[['48.73161899999999, -124.69496'], ['non-scenic', 0.00011504719], ['non-scenic', 0.00011504719], ['non-scenic', 0.00011504719]]
[['48.74067489999999, -124.6947712'], ['non-scenic', 0.00011504719], ['non-scenic', 0.00011504719], ['non-scenic', 0.00011504719]]
[['48.747565, -124.698353'], ['non-scenic', 0.00011504719], ['non-scenic', 0.00011504719], ['non-scenic', 0.00011504719]]
[['48.76358399999999, -124.697968'], ['non-scenic', 0.00011504719], ['non-scenic', 0.00011504719], ['non-scenic', 0.00011504719]]
[['48.7677167, -124.6948886'], ['non-scenic', 0.00011504719], ['non-scenic', 0.00011504719], ['non-scenic', 0.00011504719]]
[['48.7809764, -124.696417'], ['non-scenic', 0.00011504719], ['non-scenic', 0.00011504719], ['non-scenic', 0.00011504719]]
[['48.7845211, -124.6946566'], ['non-scenic', 0.00011504719], ['non-scenic', 0.00011504719], ['non-scenic', 0.00011504719]]
[['48.7872205, -124.686471'], ['non-scenic', 0.00011504719], ['non-scenic', 0.00011504719], ['non-scenic', 0.00011504719]]
[['48.811919, -124.704299'], ['non-scenic', 0.00011504719], ['non-scenic', 0.00011504719], ['non-scenic', 0.00011504719]]
[['48.8159229, -124.6990728'], ['non-scenic', 0.00011504719], ['non-scenic', 0.00011504719], ['non-scenic', 0.00011504719]]
[['48.8229542, -124.6944595'], ['non-scenic', 0.00011504719], ['non-scenic', 0.00011504719], ['non-scenic', 0.00011504719]]
[['48.8236989, -124.6949422'], ['non-scenic', 0.00011504719], ['non-scenic', 0.00011504719], ['non-scenic', 0.00011504719]]
[['48.843538, -124.683087'], ['non-scenic', 0.00011504719], ['non-scenic', 0.00011504719], ['non-scenic', 0.00011504719]]
[['48.845065, -124.682634'], ['non-scenic', 0.00011504719], ['non-scenic', 0.00011504719], ['non-scenic', 0.00011504719]]
[['48.8688999, -124.707461'], ['non-scenic', 0.00011504719], ['non-scenic', 0.00011504719], ['non-scenic', 0.00011504719]]
[['48.871522, -124.687053'], ['non-scenic', 0.00011504719], ['non-scenic', 0.00011504719], ['non-scenic', 0.00011504719]]
[['48.8762956, -124.6910869'], ['non-scenic', 0.00011504719], ['non-scenic', 0.00011504719], ['non-scenic', 0.00011504719]]
[['48.885917, -124.6954436'], ['non-scenic', 0.00011504719], ['non-scenic', 0.00011504719], ['non-scenic', 0.00011504719]]
[['48.8956777, -124.6924891'], ['non-scenic', 0.00011504719], ['non-scenic', 0.00011504719], ['non-scenic', 0.00011504719]]
[['48.9036389, -124.6950225'], ['non-scenic', 0.00011504719], ['non-scenic', 0.00011504719], ['non-scenic', 0.00011504719]]
[['48.9127425, -124.6952333'], ['non-scenic', 0.00011504719], ['non-scenic', 0.00011504719], ['non-scenic', 0.00011504719]]
[['48.9218784, -124.6967254'], ['non-scenic', 0.00011504719], ['non-scenic', 0.00011504719], ['non-scenic', 0.00011504719]]
[['48.9309571, -124.6947064'], ['non-scenic', 0.00011504719], ['non-scenic', 0.00011504719], ['non-scenic', 0.00011504719]]
[['48.9397302, -124.6947371'], ['non-scenic', 0.00011504719], ['non-scenic', 0.00011504719], ['non-scenic', 0.00011504719]]
[['48.9503956, -124.6941582'], ['non-scenic', 0.00011504719], ['non-scenic', 0.00011504719], ['non-scenic', 0.00011504719]]
[['48.0063703, -124.6626469'], ['non-scenic', 0.00011504719], ['non-scenic', 0.00011504719], ['non-scenic', 0.00011504719]]
[['48.0299631, -124.6638131'], ['non-scenic', 0.00011504719], ['non-scenic', 0.00011504719], ['non-scenic', 0.00011504719]]
[['48.08206089999999, -124.620291'], ['non-scenic', 0.00011504719], ['non-scenic', 0.00011504719], ['non-scenic', 0.00011504719]]
[['48.1441621, -124.6521402'], ['nature and woods', 4.3172067e-06], ['nature and woods', 3.8938633e-06], ['nature and woods', 2.6874591e-06]]
[['48.1571569, -124.6691468'], ['non-scenic', 0.00011504719], ['non-scenic', 0.00011504719], ['non-scenic', 0.00011504719]]
[['48.1755778, -124.6708828'], ['non-scenic', 0.00011504719], ['non-scenic', 0.00011504719], ['non-scenic', 0.00011504719]]
[['48.1912999, -124.6752981'], ['non-scenic', 0.00011504719], ['non-scenic', 0.00011504719], ['non-scenic', 0.00011504719]]
[['48.2008525, -124.6823671'], ['non-scenic', 0.00011504719], ['non-scenic', 0.00011504719], ['non-scenic', 0.00011504719]]
[['48.2239476, -124.6661618'], ['non-scenic', 0.00011504719], ['non-scenic', 0.00011504719], ['non-scenic', 0.00011504719]]
[['48.2289942, -124.666248'], ['non-scenic', 0.00011504719], ['non-scenic', 0.00011504719], ['non-scenic', 0.00011504719]]
[['48.2381156, -124.6661863'], ['non-scenic', 0.00011504719], ['non-scenic', 0.00011504719], ['non-scenic', 0.00011504719]]
[['48.3067283, -124.6627015'], ['nature and woods', 0.001501083], ['nature and woods', 1.8440112e-05], ['nature and woods', 4.2323363e-06]]
[['48.3281475, -124.6598027'], ['water', 0.00057537173], ['water', 0.00024455573], ['water', 0.00015740588]]
[['48.3448937, -124.6760098'], ['non-scenic', 0.00011504719], ['non-scenic', 0.00011504719], ['non-scenic', 0.00011504719]]
[['48.3473443, -124.6818817'], ['nature and woods', 2.0070314e-05], ['nature and woods', 1.9974025e-06], ['nature and woods', 4.459753e-07]]
[['48.355168, -124.675955'], ['non-scenic', 0.00011504719], ['non-scenic', 0.00011504719], ['non-scenic', 0.00011504719]]
[['48.3638, -124.683128'], ['non-scenic', 0.00011504719], ['non-scenic', 0.00011504719], ['non-scenic', 0.00011504719]]
[['48.3741668, -124.6813808'], ['non-scenic', 0.00011504719], ['non-scenic', 0.00011504719], ['non-scenic', 0.00011504719]]
[['48.3807328, -124.6809864'], ['non-scenic', 0.00011504719], ['non-scenic', 0.00011504719], ['non-scenic', 0.00011504719]]
[['48.3879369, -124.6801685'], ['non-scenic', 0.00011504719], ['non-scenic', 0.00011504719], ['non-scenic', 0.00011504719]]
[['48.629973, -124.7066259'], ['non-scenic', 0.00011504719], ['non-scenic', 0.00011504719], ['non-scenic', 0.00011504719]]
[['48.6456202, -124.7080743'], ['non-scenic', 0.00011504719], ['non-scenic', 0.00011504719], ['non-scenic', 0.00011504719]]
[['48.66029169999999, -124.6990943'], ['non-scenic', 0.00011504719], ['non-scenic', 0.00011504719], ['non-scenic', 0.00011504719]]
[['48.699288, -124.6819'], ['non-scenic', 0.00011504719], ['non-scenic', 0.00011504719], ['non-scenic', 0.00011504719]]
[['48.7048296, -124.6797706'], ['non-scenic', 0.00011504719], ['non-scenic', 0.00011504719], ['non-scenic', 0.00011504719]]
[['48.7158469, -124.679039'], ['non-scenic', 0.00011504719], ['non-scenic', 0.00011504719], ['non-scenic', 0.00011504719]]
[['48.7232718, -124.6753977'], ['non-scenic', 0.00011504719], ['non-scenic', 0.00011504719], ['non-scenic', 0.00011504719]]
[['48.731998, -124.685072'], ['non-scenic', 0.00011504719], ['non-scenic', 0.00011504719], ['non-scenic', 0.00011504719]]
[['48.741632, -124.685135'], ['non-scenic', 0.00011504719], ['non-scenic', 0.00011504719], ['non-scenic', 0.00011504719]]
[['48.751219, -124.682286'], ['non-scenic', 0.00011504719], ['non-scenic', 0.00011504719], ['non-scenic', 0.00011504719]]
[['48.7674621, -124.6937728'], ['non-scenic', 0.00011504719], ['non-scenic', 0.00011504719], ['non-scenic', 0.00011504719]]
[['48.7857344, -124.6895432'], ['non-scenic', 0.00011504719], ['non-scenic', 0.00011504719], ['non-scenic', 0.00011504719]]
[['48.7888695, -124.681938'], ['non-scenic', 0.00011504719], ['non-scenic', 0.00011504719], ['non-scenic', 0.00011504719]]
[['48.7936413, -124.674731'], ['non-scenic', 0.00011504719], ['non-scenic', 0.00011504719], ['non-scenic', 0.00011504719]]
[['48.804998, -124.6774328'], ['non-scenic', 0.00011504719], ['non-scenic', 0.00011504719], ['non-scenic', 0.00011504719]]
[['48.808501, -124.675417'], ['non-scenic', 0.00011504719], ['non-scenic', 0.00011504719], ['non-scenic', 0.00011504719]]
[['48.8247243, -124.6825013'], ['non-scenic', 0.00011504719], ['non-scenic', 0.00011504719], ['non-scenic', 0.00011504719]]
[['48.8287978, -124.6764123'], ['non-scenic', 0.00011504719], ['non-scenic', 0.00011504719], ['non-scenic', 0.00011504719]]
[['48.84302899999999, -124.681611'], ['non-scenic', 0.00011504719], ['non-scenic', 0.00011504719], ['non-scenic', 0.00011504719]]
[['48.8488238, -124.6763124'], ['non-scenic', 0.00011504719], ['non-scenic', 0.00011504719], ['non-scenic', 0.00011504719]]
[['48.854386, -124.674548'], ['non-scenic', 0.00011504719], ['non-scenic', 0.00011504719], ['non-scenic', 0.00011504719]]
[['48.8707275, -124.6819162'], ['non-scenic', 0.00011504719], ['non-scenic', 0.00011504719], ['non-scenic', 0.00011504719]]
[['48.87486999999999, -124.6817458'], ['non-scenic', 0.00011504719], ['non-scenic', 0.00011504719], ['non-scenic', 0.00011504719]]
[['48.8850273, -124.6782756'], ['non-scenic', 0.00011504719], ['non-scenic', 0.00011504719], ['non-scenic', 0.00011504719]]
[['48.89505279999999, -124.6810088'], ['non-scenic', 0.00011504719], ['non-scenic', 0.00011504719], ['non-scenic', 0.00011504719]]
[['48.9049978, -124.6824894'], ['non-scenic', 0.00011504719], ['non-scenic', 0.00011504719], ['non-scenic', 0.00011504719]]
[['48.91259789999999, -124.6804731'], ['non-scenic', 0.00011504719], ['non-scenic', 0.00011504719], ['non-scenic', 0.00011504719]]
[['48.921153, -124.6746798'], ['non-scenic', 0.00011504719], ['non-scenic', 0.00011504719], ['non-scenic', 0.00011504719]]
[['48.9338973, -124.6813703'], ['non-scenic', 0.00011504719], ['non-scenic', 0.00011504719], ['non-scenic', 0.00011504719]]
[['48.9398712, -124.6803275'], ['non-scenic', 0.00011504719], ['non-scenic', 0.00011504719], ['non-scenic', 0.00011504719]]
[['48.9508194, -124.6804611'], ['non-scenic', 0.00011504719], ['non-scenic', 0.00011504719], ['non-scenic', 0.00011504719]]
[['47.8986826, -124.6253227'], ['non-scenic', 5.6219018e-05], ['non-scenic', 1.9319739e-05], ['nature and woods', 1.4912269e-05]]
[['47.9018019, -124.6294107'], ['non-scenic', 0.00011504719], ['non-scenic', 0.00011504719], ['non-scenic', 0.00011504719]]
[['47.9080151, -124.6392074'], ['sightseeing', 0.050364845], ['water', 0.00054195075], ['non-scenic', 6.6773478e-05]]
[['47.9081536, -124.6392483'], ['water', 0.010582932], ['non-scenic', 0.0040414468], ['non-scenic', 0.0001708685]]
[['47.9744588, -124.6511578'], ['non-scenic', 0.00011504719], ['non-scenic', 0.00011504719], ['non-scenic', 0.00011504719]]
[['47.9834334, -124.6490569'], ['non-scenic', 0.00011504719], ['non-scenic', 0.00011504719], ['non-scenic', 0.00011504719]]
[['48.0129789, -124.660601'], ['non-scenic', 0.00011504719], ['non-scenic', 0.00011504719], ['non-scenic', 0.00011504719]]
[['48.022942, -124.661236'], ['non-scenic', 0.00011504719], ['non-scenic', 0.00011504719], ['non-scenic', 0.00011504719]]
[['48.0302316, -124.6637547'], ['non-scenic', 0.00011504719], ['non-scenic', 0.00011504719], ['non-scenic', 0.00011504719]]
[['48.0496847, -124.6617831'], ['non-scenic', 0.00011504719], ['non-scenic', 0.00011504719], ['non-scenic', 0.00011504719]]
[['48.1401604, -124.6424233'], ['nature and woods', 4.1513863e-06], ['nature and woods', 3.2322328e-06], ['nature and woods', 2.6955756e-06]]
[['48.1424181, -124.6478202'], ['nature and woods', 3.5209025e-05], ['nature and woods', 2.6830114e-05], ['nature and woods', 7.0602136e-06]]
[['48.1444732, -124.6528348'], ['nature and woods', 1.029761e-05], ['nature and woods', 7.1224104e-06], ['nature and woods', 3.7749053e-06]]
[['48.1460248, -124.6550105'], ['nature and woods', 1.0814951e-05], ['nature and woods', 4.31428e-06], ['nature and woods', 1.6498309e-06]]
[['48.1534313, -124.6663322'], ['non-scenic', 0.00011504719], ['non-scenic', 0.00011504719], ['non-scenic', 0.00011504719]]
[['48.1575222, -124.6676028'], ['non-scenic', 0.00011504719], ['non-scenic', 0.00011504719], ['non-scenic', 0.00011504719]]
[['48.1643926, -124.6687589'], ['non-scenic', 0.00011504719], ['non-scenic', 0.00011504719], ['non-scenic', 0.00011504719]]
[['48.1751789, -124.6658113'], ['non-scenic', 0.00011504719], ['non-scenic', 0.00011504719], ['non-scenic', 0.00011504719]]
[['48.1836517, -124.6697814'], ['non-scenic', 0.00011504719], ['non-scenic', 0.00011504719], ['non-scenic', 0.00011504719]]
[['48.1930394, -124.6675356'], ['non-scenic', 0.00011504719], ['non-scenic', 0.00011504719], ['non-scenic', 0.00011504719]]
[['48.2016929, -124.6701418'], ['non-scenic', 0.00011504719], ['non-scenic', 0.00011504719], ['non-scenic', 0.00011504719]]
[['48.2114309, -124.6646902'], ['non-scenic', 0.00011504719], ['non-scenic', 0.00011504719], ['non-scenic', 0.00011504719]]
[['48.2229459, -124.6649127'], ['non-scenic', 0.00011504719], ['non-scenic', 0.00011504719], ['non-scenic', 0.00011504719]]
[['48.2290728, -124.6662469'], ['non-scenic', 0.00011504719], ['non-scenic', 0.00011504719], ['non-scenic', 0.00011504719]]
