[['47.8942969, -124.559882'], ['non-scenic', 0.00011504719], ['non-scenic', 0.00011504719], ['non-scenic', 0.00011504719]]
[['47.8960605, -124.5595014'], ['non-scenic', 0.00011504719], ['non-scenic', 0.00011504719], ['non-scenic', 0.00011504719]]
[['47.9062409, -124.5588749'], ['non-scenic', 0.00011504719], ['non-scenic', 0.00011504719], ['non-scenic', 0.00011504719]]
[['47.91408089999999, -124.5572983'], ['non-scenic', 0.00011504719], ['non-scenic', 0.00011504719], ['non-scenic', 0.00011504719]]
[['47.9176604, -124.5575339'], ['nature and woods', 9.3118515e-06], ['nature and woods', 6.9786365e-06], ['nature and woods', 1.5883644e-06]]
[['47.9335901, -124.5595099'], ['non-scenic', 0.00011504719], ['non-scenic', 0.00011504719], ['non-scenic', 0.00011504719]]
[['47.939423, -124.5606571'], ['non-scenic', 0.00011504719], ['non-scenic', 0.00011504719], ['non-scenic', 0.00011504719]]
[['47.9454111, -124.5526098'], ['non-scenic', 0.00011504719], ['non-scenic', 0.00011504719], ['non-scenic', 0.00011504719]]
[['47.9595087, -124.5578099'], ['non-scenic', 0.00011504719], ['non-scenic', 0.00011504719], ['non-scenic', 0.00011504719]]
[['47.96805459999999, -124.5577158'], ['non-scenic', 0.00011504719], ['non-scenic', 0.00011504719], ['non-scenic', 0.00011504719]]
[['47.9776844, -124.5553553'], ['non-scenic', 0.00011504719], ['non-scenic', 0.00011504719], ['non-scenic', 0.00011504719]]
[['47.9841787, -124.5621104'], ['non-scenic', 0.00011504719], ['non-scenic', 0.00011504719], ['non-scenic', 0.00011504719]]
[['47.9945517, -124.5590692'], ['non-scenic', 0.00011504719], ['non-scenic', 0.00011504719], ['non-scenic', 0.00011504719]]
[['48.0040613, -124.5576385'], ['non-scenic', 0.00011504719], ['non-scenic', 0.00011504719], ['non-scenic', 0.00011504719]]
[['48.01285, -124.5586317'], ['non-scenic', 0.00011504719], ['non-scenic', 0.00011504719], ['non-scenic', 0.00011504719]]
[['48.0231242, -124.5540998'], ['non-scenic', 0.00011504719], ['non-scenic', 0.00011504719], ['non-scenic', 0.00011504719]]
[['48.0304071, -124.5614576'], ['non-scenic', 0.00011504719], ['non-scenic', 0.00011504719], ['non-scenic', 0.00011504719]]
[['48.0404499, -124.5576476'], ['non-scenic', 0.00011504719], ['non-scenic', 0.00011504719], ['non-scenic', 0.00011504719]]
[['48.0479846, -124.5595584'], ['non-scenic', 0.00011504719], ['non-scenic', 0.00011504719], ['non-scenic', 0.00011504719]]
[['48.05822860000001, -124.5567447'], ['non-scenic', 0.00011504719], ['non-scenic', 0.00011504719], ['non-scenic', 0.00011504719]]
[['48.0670593, -124.5579907'], ['non-scenic', 0.00011504719], ['non-scenic', 0.00011504719], ['non-scenic', 0.00011504719]]
[['48.0759433, -124.5568391'], ['non-scenic', 0.00011504719], ['non-scenic', 0.00011504719], ['non-scenic', 0.00011504719]]
[['48.0856269, -124.5643326'], ['non-scenic', 0.00011504719], ['non-scenic', 0.00011504719], ['non-scenic', 0.00011504719]]
[['48.091482, -124.5628978'], ['non-scenic', 0.00011504719], ['non-scenic', 0.00011504719], ['non-scenic', 0.00011504719]]
[['48.102813, -124.558757'], ['non-scenic', 0.00011504719], ['non-scenic', 0.00011504719], ['non-scenic', 0.00011504719]]
[['48.1136026, -124.5615969'], ['non-scenic', 0.00011504719], ['non-scenic', 0.00011504719], ['non-scenic', 0.00011504719]]
[['48.1230004, -124.5607983'], ['non-scenic', 0.00011504719], ['non-scenic', 0.00011504719], ['non-scenic', 0.00011504719]]
[['48.1300681, -124.5573353'], ['non-scenic', 0.00011504719], ['non-scenic', 0.00011504719], ['non-scenic', 0.00011504719]]
[['48.13820339999999, -124.5570985'], ['non-scenic', 0.00011504719], ['non-scenic', 0.00011504719], ['non-scenic', 0.00011504719]]
[['48.1476468, -124.5578081'], ['non-scenic', 0.00011504719], ['non-scenic', 0.00011504719], ['non-scenic', 0.00011504719]]
[['48.1553031, -124.5575659'], ['non-scenic', 0.00011504719], ['non-scenic', 0.00011504719], ['non-scenic', 0.00011504719]]
[['48.1695703, -124.5503066'], ['non-scenic', 0.00011504719], ['non-scenic', 0.00011504719], ['non-scenic', 0.00011504719]]
[['48.1752776, -124.5592267'], ['non-scenic', 0.00011504719], ['non-scenic', 0.00011504719], ['non-scenic', 0.00011504719]]
[['48.1816624, -124.5563002'], ['non-scenic', 0.00011504719], ['non-scenic', 0.00011504719], ['non-scenic', 0.00011504719]]
[['48.1928205, -124.5571275'], ['non-scenic', 0.00011504719], ['non-scenic', 0.00011504719], ['non-scenic', 0.00011504719]]
[['48.2017034, -124.5564653'], ['non-scenic', 0.00011504719], ['non-scenic', 0.00011504719], ['non-scenic', 0.00011504719]]
[['48.2108345, -124.5557866'], ['non-scenic', 0.00011504719], ['non-scenic', 0.00011504719], ['non-scenic', 0.00011504719]]
[['48.2197112, -124.5585962'], ['non-scenic', 0.00011504719], ['non-scenic', 0.00011504719], ['non-scenic', 0.00011504719]]
[['48.2292812, -124.5550549'], ['non-scenic', 0.00011504719], ['non-scenic', 0.00011504719], ['non-scenic', 0.00011504719]]
[['48.23783050000001, -124.5596897'], ['non-scenic', 0.00011504719], ['non-scenic', 0.00011504719], ['non-scenic', 0.00011504719]]
[['48.24679750000001, -124.5569156'], ['non-scenic', 0.00011504719], ['non-scenic', 0.00011504719], ['non-scenic', 0.00011504719]]
[['48.25518049999999, -124.558005'], ['non-scenic', 0.00011504719], ['non-scenic', 0.00011504719], ['non-scenic', 0.00011504719]]
[['48.2664117, -124.5575217'], ['non-scenic', 0.00011504719], ['non-scenic', 0.00011504719], ['non-scenic', 0.00011504719]]
[['48.2734649, -124.564338'], ['non-scenic', 0.00011504719], ['non-scenic', 0.00011504719], ['non-scenic', 0.00011504719]]
[['48.2828028, -124.5590191'], ['non-scenic', 0.00011504719], ['non-scenic', 0.00011504719], ['non-scenic', 0.00011504719]]
[['48.2916194, -124.5608544'], ['non-scenic', 0.00011504719], ['non-scenic', 0.00011504719], ['non-scenic', 0.00011504719]]
[['48.3012526, -124.5577787'], ['non-scenic', 0.00011504719], ['non-scenic', 0.00011504719], ['non-scenic', 0.00011504719]]
[['48.3102566, -124.5571822'], ['non-scenic', 0.00011504719], ['non-scenic', 0.00011504719], ['non-scenic', 0.00011504719]]
[['48.3185903, -124.5548168'], ['non-scenic', 0.00011504719], ['non-scenic', 0.00011504719], ['non-scenic', 0.00011504719]]
[['48.3272131, -124.5603504'], ['non-scenic', 0.00011504719], ['non-scenic', 0.00011504719], ['non-scenic', 0.00011504719]]
[['48.3342612, -124.5541234'], ['non-scenic', 0.00011504719], ['non-scenic', 0.00011504719], ['non-scenic', 0.00011504719]]
[['48.34495949999999, -124.5607182'], ['non-scenic', 0.00011504719], ['non-scenic', 0.00011504719], ['non-scenic', 0.00011504719]]
[['48.3550253, -124.5586391'], ['non-scenic', 0.00011504719], ['non-scenic', 0.00011504719], ['non-scenic', 0.00011504719]]
[['48.3615963, -124.5615889'], ['nature and woods', 3.3553071e-05], ['nature and woods', 1.6001508e-05], ['nature and woods', 2.5250758e-06]]
[['48.3618855, -124.5624228'], ['nature and woods', 1.2213232e-05], ['non-scenic', 1.0124508e-05], ['nature and woods', 5.0877898e-06]]
[['48.3622434, -124.564676'], ['nature and woods', 1.5364358e-05], ['nature and woods', 3.6250822e-06], ['nature and woods', 2.5471024e-06]]
[['48.3727101, -124.5897302'], ['non-scenic', 0.00011504719], ['non-scenic', 0.00011504719], ['non-scenic', 0.00011504719]]
[['48.65196419999999, -124.5095909'], ['non-scenic', 0.00011504719], ['non-scenic', 0.00011504719], ['non-scenic', 0.00011504719]]
[['48.6709772, -124.5497489'], ['non-scenic', 0.00011504719], ['non-scenic', 0.00011504719], ['non-scenic', 0.00011504719]]
[['48.6716432, -124.5518088'], ['non-scenic', 0.00011504719], ['non-scenic', 0.00011504719], ['non-scenic', 0.00011504719]]
[['48.6764466, -124.5527101'], ['non-scenic', 0.00011504719], ['non-scenic', 0.00011504719], ['non-scenic', 0.00011504719]]
[['48.6893173, -124.5594049'], ['non-scenic', 0.00011504719], ['non-scenic', 0.00011504719], ['non-scenic', 0.00011504719]]
[['48.6966939, -124.5563896'], ['non-scenic', 0.00011504719], ['non-scenic', 0.00011504719], ['non-scenic', 0.00011504719]]
[['48.7062372, -124.5581617'], ['non-scenic', 0.00011504719], ['non-scenic', 0.00011504719], ['non-scenic', 0.00011504719]]
[['48.71526249999999, -124.5578205'], ['non-scenic', 0.00011504719], ['non-scenic', 0.00011504719], ['non-scenic', 0.00011504719]]
[['48.7239886, -124.5574743'], ['non-scenic', 0.00011504719], ['non-scenic', 0.00011504719], ['non-scenic', 0.00011504719]]
[['48.7321988, -124.5561977'], ['non-scenic', 0.00011504719], ['non-scenic', 0.00011504719], ['non-scenic', 0.00011504719]]
[['48.7423447, -124.565016'], ['non-scenic', 0.00011504719], ['non-scenic', 0.00011504719], ['non-scenic', 0.00011504719]]
[['48.7516264, -124.5685995'], ['non-scenic', 0.00011504719], ['non-scenic', 0.00011504719], ['non-scenic', 0.00011504719]]
[['48.7650039, -124.5642102'], ['non-scenic', 0.00011504719], ['non-scenic', 0.00011504719], ['non-scenic', 0.00011504719]]
[['48.7691651, -124.5573923'], ['non-scenic', 0.00011504719], ['non-scenic', 0.00011504719], ['non-scenic', 0.00011504719]]
[['48.7785245, -124.5610456'], ['non-scenic', 0.00011504719], ['non-scenic', 0.00011504719], ['non-scenic', 0.00011504719]]
[['48.78755200000001, -124.559156'], ['non-scenic', 0.00011504719], ['non-scenic', 0.00011504719], ['non-scenic', 0.00011504719]]
[['48.794632, -124.563787'], ['non-scenic', 0.00011504719], ['non-scenic', 0.00011504719], ['non-scenic', 0.00011504719]]
[['48.8081335, -124.5592805'], ['non-scenic', 0.00011504719], ['non-scenic', 0.00011504719], ['non-scenic', 0.00011504719]]
[['48.814299, -124.556376'], ['non-scenic', 0.00011504719], ['non-scenic', 0.00011504719], ['non-scenic', 0.00011504719]]
[['48.82434, -124.559003'], ['non-scenic', 0.00011504719], ['non-scenic', 0.00011504719], ['non-scenic', 0.00011504719]]
[['48.8342147, -124.5574493'], ['non-scenic', 0.00011504719], ['non-scenic', 0.00011504719], ['non-scenic', 0.00011504719]]
[['48.8419988, -124.5608297'], ['non-scenic', 0.00011504719], ['non-scenic', 0.00011504719], ['non-scenic', 0.00011504719]]
[['48.8497773, -124.5589259'], ['non-scenic', 0.00011504719], ['non-scenic', 0.00011504719], ['non-scenic', 0.00011504719]]
[['48.8592658, -124.5517981'], ['non-scenic', 0.00011504719], ['non-scenic', 0.00011504719], ['non-scenic', 0.00011504719]]
[['48.86815929999999, -124.5576442'], ['non-scenic', 0.00011504719], ['non-scenic', 0.00011504719], ['non-scenic', 0.00011504719]]
[['48.8769239, -124.5572541'], ['non-scenic', 0.00011504719], ['non-scenic', 0.00011504719], ['non-scenic', 0.00011504719]]
[['48.8882895, -124.5561647'], ['non-scenic', 0.00011504719], ['non-scenic', 0.00011504719], ['non-scenic', 0.00011504719]]
[['48.894659, -124.5552288'], ['non-scenic', 0.00011504719], ['non-scenic', 0.00011504719], ['non-scenic', 0.00011504719]]
[['48.905974, -124.5602876'], ['non-scenic', 0.00011504719], ['non-scenic', 0.00011504719], ['non-scenic', 0.00011504719]]
[['48.9134419, -124.5561155'], ['non-scenic', 0.00011504719], ['non-scenic', 0.00011504719], ['non-scenic', 0.00011504719]]
[['48.9237826, -124.5523159'], ['non-scenic', 0.00011504719], ['non-scenic', 0.00011504719], ['non-scenic', 0.00011504719]]
[['48.93079909999999, -124.55387'], ['non-scenic', 0.00011504719], ['non-scenic', 0.00011504719], ['non-scenic', 0.00011504719]]
[['48.9378233, -124.5508276'], ['non-scenic', 0.00011504719], ['non-scenic', 0.00011504719], ['non-scenic', 0.00011504719]]
[['48.9483171, -124.5654055'], ['non-scenic', 0.00011504719], ['non-scenic', 0.00011504719], ['non-scenic', 0.00011504719]]
[['47.86857810000001, -124.5062272'], ['non-scenic', 0.00011504719], ['non-scenic', 0.00011504719], ['non-scenic', 0.00011504719]]
[['47.8710344, -124.5099126'], ['non-scenic', 0.00011504719], ['non-scenic', 0.00011504719], ['non-scenic', 0.00011504719]]
[['47.8739957, -124.5128617'], ['non-scenic', 0.00011504719], ['non-scenic', 0.00011504719], ['non-scenic', 0.00011504719]]
[['47.87929099999999, -124.5182123'], ['non-scenic', 0.00011504719], ['non-scenic', 0.00011504719], ['non-scenic', 0.00011504719]]
[['47.8889248, -124.5349828'], ['non-scenic', 0.00011504719], ['non-scenic', 0.00011504719], ['non-scenic', 0.00011504719]]
[['47.8924446, -124.5418295'], ['non-scenic', 0.00011504719], ['non-scenic', 0.00011504719], ['non-scenic', 0.00011504719]]
[['47.8959667, -124.544892'], ['non-scenic', 0.00011504719], ['non-scenic', 0.00011504719], ['non-scenic', 0.00011504719]]
[['47.90391109999999, -124.542052'], ['nature and woods', 1.2297898e-05], ['nature and woods', 6.521966e-06], ['nature and woods', 2.0463976e-06]]
[['47.91527139999999, -124.5432247'], ['nature and woods', 2.979182e-05], ['nature and woods', 5.9738122e-06], ['nature and woods', 4.808066e-06]]
[['47.921937, -124.5419946'], ['non-scenic', 0.00011504719], ['non-scenic', 0.00011504719], ['non-scenic', 0.00011504719]]
[['47.9277938, -124.5386651'], ['non-scenic', 0.00011504719], ['non-scenic', 0.00011504719], ['non-scenic', 0.00011504719]]
[['47.9413867, -124.5442192'], ['non-scenic', 0.00011504719], ['non-scenic', 0.00011504719], ['non-scenic', 0.00011504719]]
[['47.950157, -124.54395'], ['non-scenic', 0.00011504719], ['non-scenic', 0.00011504719], ['non-scenic', 0.00011504719]]
[['47.95858519999999, -124.5456698'], ['non-scenic', 0.00011504719], ['non-scenic', 0.00011504719], ['non-scenic', 0.00011504719]]
[['47.9668882, -124.5490065'], ['non-scenic', 0.00011504719], ['non-scenic', 0.00011504719], ['non-scenic', 0.00011504719]]
[['47.98160009999999, -124.5500536'], ['non-scenic', 0.00011504719], ['non-scenic', 0.00011504719], ['non-scenic', 0.00011504719]]
[['47.9866409, -124.5478411'], ['non-scenic', 0.00011504719], ['non-scenic', 0.00011504719], ['non-scenic', 0.00011504719]]
[['47.99244119999999, -124.5445708'], ['non-scenic', 0.00011504719], ['non-scenic', 0.00011504719], ['non-scenic', 0.00011504719]]
[['48.004013, -124.542494'], ['non-scenic', 0.00011504719], ['non-scenic', 0.00011504719], ['non-scenic', 0.00011504719]]
[['48.0126618, -124.54376'], ['non-scenic', 0.00011504719], ['non-scenic', 0.00011504719], ['non-scenic', 0.00011504719]]
[['48.021136, -124.550549'], ['non-scenic', 0.00011504719], ['non-scenic', 0.00011504719], ['non-scenic', 0.00011504719]]
[['48.02930689999999, -124.5475482'], ['non-scenic', 0.00011504719], ['non-scenic', 0.00011504719], ['non-scenic', 0.00011504719]]
[['48.0400568, -124.54387'], ['non-scenic', 0.00011504719], ['non-scenic', 0.00011504719], ['non-scenic', 0.00011504719]]
[['48.049645, -124.5435867'], ['non-scenic', 0.00011504719], ['non-scenic', 0.00011504719], ['non-scenic', 0.00011504719]]
[['48.0580177, -124.5442777'], ['non-scenic', 0.00011504719], ['non-scenic', 0.00011504719], ['non-scenic', 0.00011504719]]
[['48.064518, -124.545508'], ['non-scenic', 0.00011504719], ['non-scenic', 0.00011504719], ['non-scenic', 0.00011504719]]
[['48.074352, -124.554133'], ['non-scenic', 0.00011504719], ['non-scenic', 0.00011504719], ['non-scenic', 0.00011504719]]
[['48.0845649, -124.5392875'], ['non-scenic', 0.00011504719], ['non-scenic', 0.00011504719], ['non-scenic', 0.00011504719]]
[['48.096225, -124.5384362'], ['non-scenic', 0.00011504719], ['non-scenic', 0.00011504719], ['non-scenic', 0.00011504719]]
[['48.103642, -124.543576'], ['non-scenic', 0.00011504719], ['non-scenic', 0.00011504719], ['non-scenic', 0.00011504719]]
[['48.1045468, -124.5464575'], ['non-scenic', 0.00011504719], ['non-scenic', 0.00011504719], ['non-scenic', 0.00011504719]]
[['48.12657290000001, -124.5574977'], ['non-scenic', 0.00011504719], ['non-scenic', 0.00011504719], ['non-scenic', 0.00011504719]]
[['48.1306231, -124.5572394'], ['non-scenic', 0.00011504719], ['non-scenic', 0.00011504719], ['non-scenic', 0.00011504719]]
[['48.1385027, -124.5509818'], ['non-scenic', 0.00011504719], ['non-scenic', 0.00011504719], ['non-scenic', 0.00011504719]]
[['48.145334, -124.5424141'], ['non-scenic', 0.00011504719], ['non-scenic', 0.00011504719], ['non-scenic', 0.00011504719]]
[['48.1599064, -124.5414255'], ['non-scenic', 0.00011504719], ['non-scenic', 0.00011504719], ['non-scenic', 0.00011504719]]
[['48.1668238, -124.5418666'], ['non-scenic', 0.00011504719], ['non-scenic', 0.00011504719], ['non-scenic', 0.00011504719]]
[['48.1765582, -124.5442011'], ['non-scenic', 0.00011504719], ['non-scenic', 0.00011504719], ['non-scenic', 0.00011504719]]
[['48.184342, -124.5439738'], ['non-scenic', 0.00011504719], ['non-scenic', 0.00011504719], ['non-scenic', 0.00011504719]]
[['48.1932059, -124.547927'], ['non-scenic', 0.00011504719], ['non-scenic', 0.00011504719], ['non-scenic', 0.00011504719]]
[['48.2020614, -124.544008'], ['non-scenic', 0.00011504719], ['non-scenic', 0.00011504719], ['non-scenic', 0.00011504719]]
[['48.2113863, -124.5422603'], ['non-scenic', 0.00011504719], ['non-scenic', 0.00011504719], ['non-scenic', 0.00011504719]]
[['48.2203899, -124.543905'], ['non-scenic', 0.00011504719], ['non-scenic', 0.00011504719], ['non-scenic', 0.00011504719]]
[['48.229253, -124.5455285'], ['non-scenic', 0.00011504719], ['non-scenic', 0.00011504719], ['non-scenic', 0.00011504719]]
[['48.2373804, -124.5437127'], ['non-scenic', 0.00011504719], ['non-scenic', 0.00011504719], ['non-scenic', 0.00011504719]]
[['48.2474783, -124.5436161'], ['non-scenic', 0.00011504719], ['non-scenic', 0.00011504719], ['non-scenic', 0.00011504719]]
[['48.2558727, -124.5430044'], ['non-scenic', 0.00011504719], ['non-scenic', 0.00011504719], ['non-scenic', 0.00011504719]]
[['48.2652988, -124.5440605'], ['non-scenic', 0.00011504719], ['non-scenic', 0.00011504719], ['non-scenic', 0.00011504719]]
[['48.2726011, -124.5458142'], ['non-scenic', 0.00011504719], ['non-scenic', 0.00011504719], ['non-scenic', 0.00011504719]]
[['48.2838486, -124.5421392'], ['non-scenic', 0.00011504719], ['non-scenic', 0.00011504719], ['non-scenic', 0.00011504719]]
[['48.2915354, -124.5428298'], ['non-scenic', 0.00011504719], ['non-scenic', 0.00011504719], ['non-scenic', 0.00011504719]]
[['48.303424, -124.5443284'], ['non-scenic', 0.00011504719], ['non-scenic', 0.00011504719], ['non-scenic', 0.00011504719]]
[['48.3101183, -124.5457404'], ['non-scenic', 0.00011504719], ['non-scenic', 0.00011504719], ['non-scenic', 0.00011504719]]
[['48.31871959999999, -124.5426185'], ['non-scenic', 0.00011504719], ['non-scenic', 0.00011504719], ['non-scenic', 0.00011504719]]
[['48.3288719, -124.5458127'], ['non-scenic', 0.00011504719], ['non-scenic', 0.00011504719], ['non-scenic', 0.00011504719]]
[['48.3364684, -124.543372'], ['non-scenic', 0.00011504719], ['non-scenic', 0.00011504719], ['non-scenic', 0.00011504719]]
[['48.3465346, -124.5450832'], ['non-scenic', 0.00011504719], ['non-scenic', 0.00011504719], ['non-scenic', 0.00011504719]]
[['48.3528116, -124.5450117'], ['nature and woods', 6.0061816e-06], ['nature and woods', 2.0735711e-06], ['nature and woods', 1.7917401e-06]]
[['48.357602, -124.5534478'], ['nature and woods', 4.6173602e-05], ['nature and woods', 7.2488733e-06], ['nature and woods', 2.1690619e-06]]
[['48.3587932, -124.5553946'], ['nature and woods', 9.9422168e-06], ['nature and woods', 9.7597203e-06], ['nature and woods', 4.4933445e-06]]
[['48.3617701, -124.5619435'], ['non-scenic', 0.00030144988], ['nature and woods', 1.5168146e-05], ['nature and woods', 2.3720499e-06]]
[['48.6521994, -124.5097345'], ['non-scenic', 0.00011504719], ['non-scenic', 0.00011504719], ['non-scenic', 0.00011504719]]
[['48.6805625, -124.5479357'], ['non-scenic', 0.00011504719], ['non-scenic', 0.00011504719], ['non-scenic', 0.00011504719]]
[['48.6880198, -124.5443948'], ['non-scenic', 0.00011504719], ['non-scenic', 0.00011504719], ['non-scenic', 0.00011504719]]
[['48.6969176, -124.5413039'], ['non-scenic', 0.00011504719], ['non-scenic', 0.00011504719], ['non-scenic', 0.00011504719]]
[['48.7061339, -124.5451089'], ['non-scenic', 0.00011504719], ['non-scenic', 0.00011504719], ['non-scenic', 0.00011504719]]
[['48.71498080000001, -124.54355'], ['non-scenic', 0.00011504719], ['non-scenic', 0.00011504719], ['non-scenic', 0.00011504719]]
[['48.72240799999999, -124.5423547'], ['non-scenic', 0.00011504719], ['non-scenic', 0.00011504719], ['non-scenic', 0.00011504719]]
[['48.731569, -124.5423698'], ['non-scenic', 0.00011504719], ['non-scenic', 0.00011504719], ['non-scenic', 0.00011504719]]
[['48.7421961, -124.5446634'], ['non-scenic', 0.00011504719], ['non-scenic', 0.00011504719], ['non-scenic', 0.00011504719]]
[['48.748627, -124.5422709'], ['non-scenic', 0.00011504719], ['non-scenic', 0.00011504719], ['non-scenic', 0.00011504719]]
[['48.768148, -124.5536864'], ['non-scenic', 0.00011504719], ['non-scenic', 0.00011504719], ['non-scenic', 0.00011504719]]
[['48.7697785, -124.5501079'], ['non-scenic', 0.00011504719], ['non-scenic', 0.00011504719], ['non-scenic', 0.00011504719]]
[['48.7772355, -124.5449861'], ['non-scenic', 0.00011504719], ['non-scenic', 0.00011504719], ['non-scenic', 0.00011504719]]
[['48.7867106, -124.5474943'], ['non-scenic', 0.00011504719], ['non-scenic', 0.00011504719], ['non-scenic', 0.00011504719]]
[['48.794995, -124.542189'], ['non-scenic', 0.00011504719], ['non-scenic', 0.00011504719], ['non-scenic', 0.00011504719]]
[['48.805968, -124.543751'], ['non-scenic', 0.00011504719], ['non-scenic', 0.00011504719], ['non-scenic', 0.00011504719]]
[['48.8132111, -124.5452171'], ['non-scenic', 0.00011504719], ['non-scenic', 0.00011504719], ['non-scenic', 0.00011504719]]
[['48.82253, -124.5464522'], ['non-scenic', 0.00011504719], ['non-scenic', 0.00011504719], ['non-scenic', 0.00011504719]]
[['48.8321434, -124.5444475'], ['non-scenic', 0.00011504719], ['non-scenic', 0.00011504719], ['non-scenic', 0.00011504719]]
[['48.8408203, -124.5441947'], ['non-scenic', 0.00011504719], ['non-scenic', 0.00011504719], ['non-scenic', 0.00011504719]]
[['48.84554319999999, -124.5458638'], ['non-scenic', 0.00011504719], ['non-scenic', 0.00011504719], ['non-scenic', 0.00011504719]]
[['48.8579048, -124.5416064'], ['non-scenic', 0.00011504719], ['non-scenic', 0.00011504719], ['non-scenic', 0.00011504719]]
[['48.870029, -124.5435691'], ['non-scenic', 0.00011504719], ['non-scenic', 0.00011504719], ['non-scenic', 0.00011504719]]
[['48.8775904, -124.544206'], ['non-scenic', 0.00011504719], ['non-scenic', 0.00011504719], ['non-scenic', 0.00011504719]]
[['48.8819713, -124.5503748'], ['non-scenic', 0.00011504719], ['non-scenic', 0.00011504719], ['non-scenic', 0.00011504719]]
[['48.8954681, -124.5444297'], ['non-scenic', 0.00011504719], ['non-scenic', 0.00011504719], ['non-scenic', 0.00011504719]]
[['48.9040747, -124.5435295'], ['non-scenic', 0.00011504719], ['non-scenic', 0.00011504719], ['non-scenic', 0.00011504719]]
[['48.9108976, -124.5418257'], ['non-scenic', 0.00011504719], ['non-scenic', 0.00011504719], ['non-scenic', 0.00011504719]]
[['48.9202862, -124.5493844'], ['non-scenic', 0.00011504719], ['non-scenic', 0.00011504719], ['non-scenic', 0.00011504719]]
[['48.9299514, -124.5533519'], ['non-scenic', 0.00011504719], ['non-scenic', 0.00011504719], ['non-scenic', 0.00011504719]]
[['48.9406633, -124.5439798'], ['non-scenic', 0.00011504719], ['non-scenic', 0.00011504719], ['non-scenic', 0.00011504719]]
[['48.951463, -124.5335492'], ['non-scenic', 0.00011504719], ['non-scenic', 0.00011504719], ['non-scenic', 0.00011504719]]
[['47.8761379, -124.5150094'], ['non-scenic', 0.00011504719], ['non-scenic', 0.00011504719], ['non-scenic', 0.00011504719]]
[['47.8803904, -124.5187018'], ['non-scenic', 0.00011504719], ['non-scenic', 0.00011504719], ['non-scenic', 0.00011504719]]
[['47.8871711, -124.5301972'], ['non-scenic', 0.00011504719], ['non-scenic', 0.00011504719], ['non-scenic', 0.00011504719]]
[['47.8910241, -124.5246112'], ['non-scenic', 0.00011504719], ['non-scenic', 0.00011504719], ['non-scenic', 0.00011504719]]
[['47.9068218, -124.5352181'], ['non-scenic', 0.00011504719], ['non-scenic', 0.00011504719], ['non-scenic', 0.00011504719]]
[['47.9146418, -124.5308766'], ['nature and woods', 7.3461952e-06], ['nature and woods', 7.0319034e-06], ['nature and woods', 6.5557956e-06]]
[['47.9224215, -124.530135'], ['non-scenic', 0.00011504719], ['non-scenic', 0.00011504719], ['non-scenic', 0.00011504719]]
[['47.932047, -124.5305041'], ['non-scenic', 0.00011504719], ['non-scenic', 0.00011504719], ['non-scenic', 0.00011504719]]
[['47.9432385, -124.5299953'], ['non-scenic', 0.00011504719], ['non-scenic', 0.00011504719], ['non-scenic', 0.00011504719]]
[['47.9527412, -124.5304027'], ['non-scenic', 0.00011504719], ['non-scenic', 0.00011504719], ['non-scenic', 0.00011504719]]
[['47.95610139999999, -124.5308136'], ['non-scenic', 0.00011504719], ['non-scenic', 0.00011504719], ['non-scenic', 0.00011504719]]
[['47.9684461, -124.5298115'], ['non-scenic', 0.00011504719], ['non-scenic', 0.00011504719], ['non-scenic', 0.00011504719]]
[['47.9776599, -124.5307901'], ['non-scenic', 0.00011504719], ['non-scenic', 0.00011504719], ['non-scenic', 0.00011504719]]
[['47.9859457, -124.5293802'], ['non-scenic', 0.00011504719], ['non-scenic', 0.00011504719], ['non-scenic', 0.00011504719]]
[['47.9953201, -124.533732'], ['non-scenic', 0.00011504719], ['non-scenic', 0.00011504719], ['non-scenic', 0.00011504719]]
[['48.00307840000001, -124.5320023'], ['non-scenic', 0.00011504719], ['non-scenic', 0.00011504719], ['non-scenic', 0.00011504719]]
[['48.0151092, -124.531377'], ['non-scenic', 0.00011504719], ['non-scenic', 0.00011504719], ['non-scenic', 0.00011504719]]
[['48.024128, -124.533002'], ['non-scenic', 0.00011504719], ['non-scenic', 0.00011504719], ['non-scenic', 0.00011504719]]
[['48.0277631, -124.5294111'], ['non-scenic', 0.00011504719], ['non-scenic', 0.00011504719], ['non-scenic', 0.00011504719]]
[['48.0402181, -124.5302468'], ['non-scenic', 0.00011504719], ['non-scenic', 0.00011504719], ['non-scenic', 0.00011504719]]
[['48.0474368, -124.5248782'], ['non-scenic', 0.00011504719], ['non-scenic', 0.00011504719], ['non-scenic', 0.00011504719]]
[['48.0595317, -124.5299305'], ['non-scenic', 0.00011504719], ['non-scenic', 0.00011504719], ['non-scenic', 0.00011504719]]
[['48.0670628, -124.5319763'], ['non-scenic', 0.00011504719], ['non-scenic', 0.00011504719], ['non-scenic', 0.00011504719]]
[['48.0750869, -124.5279087'], ['non-scenic', 0.00011504719], ['non-scenic', 0.00011504719], ['non-scenic', 0.00011504719]]
[['48.0849479, -124.5297762'], ['non-scenic', 0.00011504719], ['non-scenic', 0.00011504719], ['non-scenic', 0.00011504719]]
[['48.0929008, -124.5311363'], ['non-scenic', 0.00011504719], ['non-scenic', 0.00011504719], ['non-scenic', 0.00011504719]]
[['48.1027855, -124.5291732'], ['non-scenic', 0.00011504719], ['non-scenic', 0.00011504719], ['non-scenic', 0.00011504719]]
[['48.1062676, -124.5235961'], ['non-scenic', 0.00011504719], ['non-scenic', 0.00011504719], ['non-scenic', 0.00011504719]]
[['48.129194, -124.5248744'], ['non-scenic', 0.00011504719], ['non-scenic', 0.00011504719], ['non-scenic', 0.00011504719]]
[['48.131891, -124.5271281'], ['non-scenic', 0.00011504719], ['non-scenic', 0.00011504719], ['non-scenic', 0.00011504719]]
[['48.1381963, -124.5276726'], ['non-scenic', 0.00011504719], ['non-scenic', 0.00011504719], ['non-scenic', 0.00011504719]]
[['48.1478243, -124.5297255'], ['non-scenic', 0.00011504719], ['non-scenic', 0.00011504719], ['non-scenic', 0.00011504719]]
[['48.158199, -124.5226539'], ['non-scenic', 0.00011504719], ['non-scenic', 0.00011504719], ['non-scenic', 0.00011504719]]
[['48.1661501, -124.5302554'], ['non-scenic', 0.00029145586], ['non-scenic', 0.00026611859], ['fields', 0.00012088093]]
[['48.1762011, -124.5334225'], ['non-scenic', 0.00011504719], ['non-scenic', 0.00011504719], ['non-scenic', 0.00011504719]]
[['48.18598249999999, -124.5315936'], ['non-scenic', 0.00011504719], ['non-scenic', 0.00011504719], ['non-scenic', 0.00011504719]]
[['48.1930224, -124.5297671'], ['non-scenic', 0.00011504719], ['non-scenic', 0.00011504719], ['non-scenic', 0.00011504719]]
[['48.2015715, -124.531128'], ['non-scenic', 0.00011504719], ['non-scenic', 0.00011504719], ['non-scenic', 0.00011504719]]
[['48.21070539999999, -124.5314755'], ['non-scenic', 0.00011504719], ['non-scenic', 0.00011504719], ['non-scenic', 0.00011504719]]
[['48.2184751, -124.5290268'], ['non-scenic', 0.00011504719], ['non-scenic', 0.00011504719], ['non-scenic', 0.00011504719]]
[['48.2290838, -124.5304264'], ['non-scenic', 0.00011504719], ['non-scenic', 0.00011504719], ['non-scenic', 0.00011504719]]
[['48.2373556, -124.5283051'], ['non-scenic', 0.00011504719], ['non-scenic', 0.00011504719], ['non-scenic', 0.00011504719]]
[['48.2470986, -124.5301716'], ['non-scenic', 0.00011504719], ['non-scenic', 0.00011504719], ['non-scenic', 0.00011504719]]
[['48.2562164, -124.5304151'], ['non-scenic', 0.00011504719], ['non-scenic', 0.00011504719], ['non-scenic', 0.00011504719]]
[['48.26517219999999, -124.530459'], ['non-scenic', 0.00011504719], ['non-scenic', 0.00011504719], ['non-scenic', 0.00011504719]]
[['48.2735119, -124.5309051'], ['non-scenic', 0.00011504719], ['non-scenic', 0.00011504719], ['non-scenic', 0.00011504719]]
[['48.2830812, -124.5298753'], ['non-scenic', 0.00011504719], ['non-scenic', 0.00011504719], ['non-scenic', 0.00011504719]]
[['48.2939316, -124.5317323'], ['non-scenic', 0.00011504719], ['non-scenic', 0.00011504719], ['non-scenic', 0.00011504719]]
[['48.3008507, -124.5303864'], ['non-scenic', 0.00011504719], ['non-scenic', 0.00011504719], ['non-scenic', 0.00011504719]]
[['48.3093614, -124.5274801'], ['non-scenic', 0.00011504719], ['non-scenic', 0.00011504719], ['non-scenic', 0.00011504719]]
[['48.3191152, -124.5295006'], ['non-scenic', 0.00011504719], ['non-scenic', 0.00011504719], ['non-scenic', 0.00011504719]]
[['48.3294728, -124.5333108'], ['non-scenic', 0.00011504719], ['non-scenic', 0.00011504719], ['non-scenic', 0.00011504719]]
[['48.3370529, -124.5305286'], ['non-scenic', 0.00011504719], ['non-scenic', 0.00011504719], ['non-scenic', 0.00011504719]]
[['48.3463177, -124.5299197'], ['non-scenic', 0.00011504719], ['non-scenic', 0.00011504719], ['non-scenic', 0.00011504719]]
[['48.3484419, -124.5287792'], ['nature and woods', 2.8851395e-05], ['nature and woods', 2.3366365e-05], ['nature and woods', 1.2009894e-05]]
[['48.3525073, -124.5442987'], ['nature and woods', 1.5529331e-05], ['nature and woods', 6.5784193e-06], ['nature and woods', 2.2658451e-06]]
[['48.3574156, -124.5531598'], ['nature and woods', 2.9595118e-05], ['nature and woods', 2.3720637e-05], ['nature and woods', 7.4758354e-06]]
[['48.3586939, -124.5551604'], ['non-scenic', 3.2222742e-05], ['nature and woods', 1.0091325e-05], ['nature and woods', 7.4845434e-06]]
[['48.36168499999999, -124.5617398'], ['nature and woods', 9.6093041e-05], ['nature and woods', 5.6021017e-05], ['nature and woods', 1.7449379e-06]]
[['48.6553166, -124.5115972'], ['non-scenic', 0.00011504719], ['non-scenic', 0.00011504719], ['non-scenic', 0.00011504719]]
[['48.6685694, -124.5180187'], ['non-scenic', 0.00011504719], ['non-scenic', 0.00011504719], ['non-scenic', 0.00011504719]]
[['48.6720541, -124.523946'], ['non-scenic', 0.00011504719], ['non-scenic', 0.00011504719], ['non-scenic', 0.00011504719]]
[['48.6804341, -124.5286483'], ['non-scenic', 0.00011504719], ['non-scenic', 0.00011504719], ['non-scenic', 0.00011504719]]
[['48.6862197, -124.5336344'], ['non-scenic', 0.00011504719], ['non-scenic', 0.00011504719], ['non-scenic', 0.00011504719]]
[['48.6949972, -124.5404041'], ['non-scenic', 0.00011504719], ['non-scenic', 0.00011504719], ['non-scenic', 0.00011504719]]
[['48.7095693, -124.5300722'], ['non-scenic', 0.00011504719], ['non-scenic', 0.00011504719], ['non-scenic', 0.00011504719]]
[['48.7130524, -124.5286345'], ['non-scenic', 0.00011504719], ['non-scenic', 0.00011504719], ['non-scenic', 0.00011504719]]
[['48.7241198, -124.5303677'], ['non-scenic', 0.00011504719], ['non-scenic', 0.00011504719], ['non-scenic', 0.00011504719]]
[['48.7326736, -124.5280804'], ['non-scenic', 0.00011504719], ['non-scenic', 0.00011504719], ['non-scenic', 0.00011504719]]
[['48.74034870000001, -124.5258187'], ['non-scenic', 0.00011504719], ['non-scenic', 0.00011504719], ['non-scenic', 0.00011504719]]
[['48.752214, -124.522797'], ['non-scenic', 0.00011504719], ['non-scenic', 0.00011504719], ['non-scenic', 0.00011504719]]
[['48.7527155, -124.5217914'], ['non-scenic', 0.00011504719], ['non-scenic', 0.00011504719], ['non-scenic', 0.00011504719]]
[['48.7711007, -124.5274097'], ['non-scenic', 0.00011504719], ['non-scenic', 0.00011504719], ['non-scenic', 0.00011504719]]
[['48.77966199999999, -124.531659'], ['non-scenic', 0.00011504719], ['non-scenic', 0.00011504719], ['non-scenic', 0.00011504719]]
[['48.7833653, -124.5314803'], ['non-scenic', 0.00011504719], ['non-scenic', 0.00011504719], ['non-scenic', 0.00011504719]]
[['48.7971083, -124.5307244'], ['non-scenic', 0.00011504719], ['non-scenic', 0.00011504719], ['non-scenic', 0.00011504719]]
[['48.807038, -124.528911'], ['non-scenic', 0.00011504719], ['non-scenic', 0.00011504719], ['non-scenic', 0.00011504719]]
[['48.8136047, -124.5308231'], ['non-scenic', 0.00011504719], ['non-scenic', 0.00011504719], ['non-scenic', 0.00011504719]]
[['48.8220962, -124.5243758'], ['non-scenic', 0.00011504719], ['non-scenic', 0.00011504719], ['non-scenic', 0.00011504719]]
[['48.832701, -124.538686'], ['non-scenic', 0.00011504719], ['non-scenic', 0.00011504719], ['non-scenic', 0.00011504719]]
[['48.8461233, -124.5352612'], ['non-scenic', 0.00011504719], ['non-scenic', 0.00011504719], ['non-scenic', 0.00011504719]]
[['48.8499807, -124.5298911'], ['non-scenic', 0.00011504719], ['non-scenic', 0.00011504719], ['non-scenic', 0.00011504719]]
[['48.8590513, -124.5302605'], ['non-scenic', 0.00011504719], ['non-scenic', 0.00011504719], ['non-scenic', 0.00011504719]]
[['48.8664086, -124.5316708'], ['non-scenic', 0.00011504719], ['non-scenic', 0.00011504719], ['non-scenic', 0.00011504719]]
[['48.8771897, -124.5297351'], ['non-scenic', 0.00011504719], ['non-scenic', 0.00011504719], ['non-scenic', 0.00011504719]]
[['48.8811145, -124.5319712'], ['non-scenic', 0.00011504719], ['non-scenic', 0.00011504719], ['non-scenic', 0.00011504719]]
[['48.8983482, -124.5425069'], ['non-scenic', 0.00011504719], ['non-scenic', 0.00011504719], ['non-scenic', 0.00011504719]]
[['48.9090239, -124.5272716'], ['non-scenic', 0.00011504719], ['non-scenic', 0.00011504719], ['non-scenic', 0.00011504719]]
[['48.913746, -124.5312374'], ['non-scenic', 0.00011504719], ['non-scenic', 0.00011504719], ['non-scenic', 0.00011504719]]
[['48.92240229999999, -124.5300253'], ['non-scenic', 0.00011504719], ['non-scenic', 0.00011504719], ['non-scenic', 0.00011504719]]
[['48.93133599999999, -124.5279625'], ['non-scenic', 0.00011504719], ['non-scenic', 0.00011504719], ['non-scenic', 0.00011504719]]
[['48.9380772, -124.5312332'], ['non-scenic', 0.00011504719], ['non-scenic', 0.00011504719], ['non-scenic', 0.00011504719]]
[['47.8237181, -124.4551105'], ['non-scenic', 0.00011504719], ['non-scenic', 0.00011504719], ['non-scenic', 0.00011504719]]
[['47.828373, -124.4575739'], ['non-scenic', 0.00011504719], ['non-scenic', 0.00011504719], ['non-scenic', 0.00011504719]]
[['47.8349322, -124.4606898'], ['non-scenic', 0.00011504719], ['non-scenic', 0.00011504719], ['non-scenic', 0.00011504719]]
[['47.8683405, -124.5048478'], ['non-scenic', 0.00011504719], ['non-scenic', 0.00011504719], ['non-scenic', 0.00011504719]]
[['47.86853439999999, -124.5060502'], ['non-scenic', 0.00011504719], ['non-scenic', 0.00011504719], ['non-scenic', 0.00011504719]]
[['47.87174150000001, -124.5106201'], ['non-scenic', 0.00011504719], ['non-scenic', 0.00011504719], ['non-scenic', 0.00011504719]]
[['47.8779299, -124.5168551'], ['non-scenic', 0.00011504719], ['non-scenic', 0.00011504719], ['non-scenic', 0.00011504719]]
[['47.8863955, -124.5177875'], ['non-scenic', 0.00011504719], ['non-scenic', 0.00011504719], ['non-scenic', 0.00011504719]]
[['47.8911417, -124.5215692'], ['non-scenic', 0.00011504719], ['non-scenic', 0.00011504719], ['non-scenic', 0.00011504719]]
[['47.9048927, -124.5045478'], ['non-scenic', 0.00011504719], ['non-scenic', 0.00011504719], ['non-scenic', 0.00011504719]]
[['47.9188893, -124.51875'], ['nature and woods', 3.156528e-05], ['nature and woods', 9.1008735e-07], ['nature and woods', 2.9279116e-07]]
[['47.9196093, -124.5151357'], ['nature and woods', 7.664779e-05], ['nature and woods', 7.7597606e-06], ['nature and woods', 1.2565686e-06]]
[['47.93080459999999, -124.5302802'], ['non-scenic', 0.00011504719], ['non-scenic', 0.00011504719], ['non-scenic', 0.00011504719]]
[['47.9448782, -124.5209508'], ['non-scenic', 0.00011504719], ['non-scenic', 0.00011504719], ['non-scenic', 0.00011504719]]
[['47.9514378, -124.5163678'], ['non-scenic', 0.00011504719], ['non-scenic', 0.00011504719], ['non-scenic', 0.00011504719]]
[['47.9590131, -124.5197682'], ['non-scenic', 0.00011504719], ['non-scenic', 0.00011504719], ['non-scenic', 0.00011504719]]
[['47.9674888, -124.515023'], ['non-scenic', 0.00011504719], ['non-scenic', 0.00011504719], ['non-scenic', 0.00011504719]]
[['47.9758362, -124.5174537'], ['non-scenic', 0.00011504719], ['non-scenic', 0.00011504719], ['non-scenic', 0.00011504719]]
[['47.9859849, -124.5167028'], ['non-scenic', 0.00011504719], ['non-scenic', 0.00011504719], ['non-scenic', 0.00011504719]]
[['47.994059, -124.507864'], ['non-scenic', 0.00011504719], ['non-scenic', 0.00011504719], ['non-scenic', 0.00011504719]]
[['48.0081284, -124.5167781'], ['non-scenic', 0.00011504719], ['non-scenic', 0.00011504719], ['non-scenic', 0.00011504719]]
[['48.0118529, -124.516968'], ['non-scenic', 0.00011504719], ['non-scenic', 0.00011504719], ['non-scenic', 0.00011504719]]
[['48.0235828, -124.5168769'], ['non-scenic', 0.00011504719], ['non-scenic', 0.00011504719], ['non-scenic', 0.00011504719]]
[['48.0310567, -124.5164796'], ['non-scenic', 0.00011504719], ['non-scenic', 0.00011504719], ['non-scenic', 0.00011504719]]
[['48.0375398, -124.5182978'], ['non-scenic', 0.00011504719], ['non-scenic', 0.00011504719], ['non-scenic', 0.00011504719]]
[['48.0520723, -124.5112871'], ['non-scenic', 0.00011504719], ['non-scenic', 0.00011504719], ['non-scenic', 0.00011504719]]
[['48.0555204, -124.5146052'], ['non-scenic', 0.00011504719], ['non-scenic', 0.00011504719], ['non-scenic', 0.00011504719]]
[['48.06509690000001, -124.5264469'], ['non-scenic', 0.00011504719], ['non-scenic', 0.00011504719], ['non-scenic', 0.00011504719]]
[['48.0820283, -124.5147373'], ['non-scenic', 0.00011504719], ['non-scenic', 0.00011504719], ['non-scenic', 0.00011504719]]
[['48.0849102, -124.5171029'], ['non-scenic', 0.00011504719], ['non-scenic', 0.00011504719], ['non-scenic', 0.00011504719]]
[['48.0941768, -124.5157647'], ['non-scenic', 0.00011504719], ['non-scenic', 0.00011504719], ['non-scenic', 0.00011504719]]
[['48.0993132, -124.5174871'], ['non-scenic', 0.00011504719], ['non-scenic', 0.00011504719], ['non-scenic', 0.00011504719]]
[['48.1290825, -124.5231294'], ['non-scenic', 0.00011504719], ['non-scenic', 0.00011504719], ['non-scenic', 0.00011504719]]
[['48.1313931, -124.5195342'], ['non-scenic', 0.00011504719], ['non-scenic', 0.00011504719], ['non-scenic', 0.00011504719]]
[['48.1405104, -124.5186219'], ['non-scenic', 0.00011504719], ['non-scenic', 0.00011504719], ['non-scenic', 0.00011504719]]
[['48.1476798, -124.5170692'], ['non-scenic', 0.00011504719], ['non-scenic', 0.00011504719], ['non-scenic', 0.00011504719]]
[['48.1570128, -124.5199867'], ['non-scenic', 0.00011504719], ['non-scenic', 0.00011504719], ['non-scenic', 0.00011504719]]
[['48.1624437, -124.5215513'], ['non-scenic', 0.00011504719], ['non-scenic', 0.00011504719], ['non-scenic', 0.00011504719]]
[['48.1749089, -124.5165426'], ['non-scenic', 0.00011504719], ['non-scenic', 0.00011504719], ['non-scenic', 0.00011504719]]
[['48.18548639999999, -124.5174841'], ['non-scenic', 0.00011504719], ['non-scenic', 0.00011504719], ['non-scenic', 0.00011504719]]
[['48.1930098, -124.5143855'], ['non-scenic', 0.00011504719], ['non-scenic', 0.00011504719], ['non-scenic', 0.00011504719]]
[['48.2024584, -124.5173142'], ['non-scenic', 0.00011504719], ['non-scenic', 0.00011504719], ['non-scenic', 0.00011504719]]
[['48.2110746, -124.5167616'], ['non-scenic', 0.00011504719], ['non-scenic', 0.00011504719], ['non-scenic', 0.00011504719]]
[['48.2203223, -124.5166351'], ['non-scenic', 0.00011504719], ['non-scenic', 0.00011504719], ['non-scenic', 0.00011504719]]
[['48.2302568, -124.5162353'], ['non-scenic', 0.00011504719], ['non-scenic', 0.00011504719], ['non-scenic', 0.00011504719]]
[['48.2391961, -124.5157722'], ['non-scenic', 0.00011504719], ['non-scenic', 0.00011504719], ['non-scenic', 0.00011504719]]
[['48.2470108, -124.5164795'], ['non-scenic', 0.00011504719], ['non-scenic', 0.00011504719], ['non-scenic', 0.00011504719]]
[['48.2561724, -124.5147645'], ['non-scenic', 0.00011504719], ['non-scenic', 0.00011504719], ['non-scenic', 0.00011504719]]
[['48.2639724, -124.5175558'], ['non-scenic', 0.00011504719], ['non-scenic', 0.00011504719], ['non-scenic', 0.00011504719]]
[['48.2736663, -124.5163429'], ['non-scenic', 0.00011504719], ['non-scenic', 0.00011504719], ['non-scenic', 0.00011504719]]
[['48.2838415, -124.5169483'], ['non-scenic', 0.00011504719], ['non-scenic', 0.00011504719], ['non-scenic', 0.00011504719]]
[['48.2913754, -124.5161339'], ['non-scenic', 0.00011504719], ['non-scenic', 0.00011504719], ['non-scenic', 0.00011504719]]
[['48.301992, -124.5161808'], ['non-scenic', 0.00011504719], ['non-scenic', 0.00011504719], ['non-scenic', 0.00011504719]]
[['48.3101052, -124.5164522'], ['non-scenic', 0.00011504719], ['non-scenic', 0.00011504719], ['non-scenic', 0.00011504719]]
[['48.3192647, -124.5162265'], ['non-scenic', 0.00011504719], ['non-scenic', 0.00011504719], ['non-scenic', 0.00011504719]]
[['48.3282614, -124.5183213'], ['non-scenic', 0.00011504719], ['non-scenic', 0.00011504719], ['non-scenic', 0.00011504719]]
[['48.33589320000001, -124.5156784'], ['non-scenic', 0.00011504719], ['non-scenic', 0.00011504719], ['non-scenic', 0.00011504719]]
[['48.3448454, -124.5170501'], ['fields', 3.698358e-05], ['nature and woods', 2.0197263e-06], ['nature and woods', 6.2958242e-07]]
[['48.3474152, -124.5216068'], ['non-scenic', 1.9697436e-05], ['nature and woods', 3.7605798e-06], ['non-scenic', 1.301049e-06]]
[['48.34878490000001, -124.5253789'], ['non-scenic', 2.3486684e-05], ['nature and woods', 6.069301e-06], ['non-scenic', 3.883059e-06]]
[['48.3487995, -124.5254364'], ['non-scenic', 2.3486684e-05], ['nature and woods', 6.069301e-06], ['non-scenic', 3.883059e-06]]
[['48.6543669, -124.5110178'], ['non-scenic', 0.00011504719], ['non-scenic', 0.00011504719], ['non-scenic', 0.00011504719]]
[['48.6608218, -124.5110375'], ['non-scenic', 0.00011504719], ['non-scenic', 0.00011504719], ['non-scenic', 0.00011504719]]
[['48.669094, -124.5186279'], ['non-scenic', 0.00011504719], ['non-scenic', 0.00011504719], ['non-scenic', 0.00011504719]]
[['48.6765883, -124.5244932'], ['non-scenic', 0.00011504719], ['non-scenic', 0.00011504719], ['non-scenic', 0.00011504719]]
[['48.6801799, -124.5281518'], ['non-scenic', 0.00011504719], ['non-scenic', 0.00011504719], ['non-scenic', 0.00011504719]]
[['48.68900559999999, -124.5351791'], ['non-scenic', 0.00011504719], ['non-scenic', 0.00011504719], ['non-scenic', 0.00011504719]]
[['48.7122666, -124.5106101'], ['non-scenic', 0.00011504719], ['non-scenic', 0.00011504719], ['non-scenic', 0.00011504719]]
[['48.7157707, -124.5148909'], ['non-scenic', 0.00011504719], ['non-scenic', 0.00011504719], ['non-scenic', 0.00011504719]]
[['48.7229694, -124.5139253'], ['non-scenic', 0.00011504719], ['non-scenic', 0.00011504719], ['non-scenic', 0.00011504719]]
[['48.7331462, -124.516572'], ['non-scenic', 0.00011504719], ['non-scenic', 0.00011504719], ['non-scenic', 0.00011504719]]
[['48.74370769999999, -124.5185225'], ['non-scenic', 0.00011504719], ['non-scenic', 0.00011504719], ['non-scenic', 0.00011504719]]
[['48.753684, -124.519849'], ['non-scenic', 0.00011504719], ['non-scenic', 0.00011504719], ['non-scenic', 0.00011504719]]
[['48.7584234, -124.5134262'], ['non-scenic', 0.00011504719], ['non-scenic', 0.00011504719], ['non-scenic', 0.00011504719]]
[['48.7688599, -124.524008'], ['non-scenic', 0.00011504719], ['non-scenic', 0.00011504719], ['non-scenic', 0.00011504719]]
[['48.7821659, -124.528019'], ['non-scenic', 0.00011504719], ['non-scenic', 0.00011504719], ['non-scenic', 0.00011504719]]
[['48.792454, -124.516022'], ['non-scenic', 0.00011504719], ['non-scenic', 0.00011504719], ['non-scenic', 0.00011504719]]
[['48.7952773, -124.5164614'], ['non-scenic', 0.00011504719], ['non-scenic', 0.00011504719], ['non-scenic', 0.00011504719]]
[['48.807692, -124.512804'], ['non-scenic', 0.00011504719], ['non-scenic', 0.00011504719], ['non-scenic', 0.00011504719]]
[['48.8161305, -124.5172674'], ['non-scenic', 0.00011504719], ['non-scenic', 0.00011504719], ['non-scenic', 0.00011504719]]
[['48.8212643, -124.515555'], ['non-scenic', 0.00011504719], ['non-scenic', 0.00011504719], ['non-scenic', 0.00011504719]]
[['48.832821, -124.511885'], ['non-scenic', 0.00011504719], ['non-scenic', 0.00011504719], ['non-scenic', 0.00011504719]]
[['48.841251, -124.515996'], ['non-scenic', 0.00011504719], ['non-scenic', 0.00011504719], ['non-scenic', 0.00011504719]]
[['48.8498217, -124.5160457'], ['non-scenic', 0.00011504719], ['non-scenic', 0.00011504719], ['non-scenic', 0.00011504719]]
[['48.857437, -124.519239'], ['non-scenic', 0.00011504719], ['non-scenic', 0.00011504719], ['non-scenic', 0.00011504719]]
[['48.8677274, -124.515791'], ['non-scenic', 0.00011504719], ['non-scenic', 0.00011504719], ['non-scenic', 0.00011504719]]
[['48.8772102, -124.516367'], ['non-scenic', 0.00011504719], ['non-scenic', 0.00011504719], ['non-scenic', 0.00011504719]]
[['48.8856796, -124.5169139'], ['non-scenic', 0.00011504719], ['non-scenic', 0.00011504719], ['non-scenic', 0.00011504719]]
[['48.8873089, -124.5167148'], ['non-scenic', 0.00011504719], ['non-scenic', 0.00011504719], ['non-scenic', 0.00011504719]]
[['48.9118934, -124.5184466'], ['non-scenic', 0.00011504719], ['non-scenic', 0.00011504719], ['non-scenic', 0.00011504719]]
[['48.9120453, -124.5165426'], ['non-scenic', 0.00011504719], ['non-scenic', 0.00011504719], ['non-scenic', 0.00011504719]]
[['48.9174916, -124.5185107'], ['non-scenic', 0.00011504719], ['non-scenic', 0.00011504719], ['non-scenic', 0.00011504719]]
[['48.934971, -124.5222532'], ['non-scenic', 0.00011504719], ['non-scenic', 0.00011504719], ['non-scenic', 0.00011504719]]
[['48.9404256, -124.5188889'], ['non-scenic', 0.00011504719], ['non-scenic', 0.00011504719], ['non-scenic', 0.00011504719]]
[['48.9484584, -124.5193055'], ['non-scenic', 0.00011504719], ['non-scenic', 0.00011504719], ['non-scenic', 0.00011504719]]
[['47.82361, -124.4550171'], ['non-scenic', 0.00011504719], ['non-scenic', 0.00011504719], ['non-scenic', 0.00011504719]]
[['47.8267659, -124.4567542'], ['non-scenic', 0.00011504719], ['non-scenic', 0.00011504719], ['non-scenic', 0.00011504719]]
[['47.83354, -124.4600769'], ['non-scenic', 0.00011504719], ['non-scenic', 0.00011504719], ['non-scenic', 0.00011504719]]
[['47.8356256, -124.460783'], ['non-scenic', 0.00011504719], ['non-scenic', 0.00011504719], ['non-scenic', 0.00011504719]]
[['47.8680967, -124.5023126'], ['non-scenic', 0.00011504719], ['non-scenic', 0.00011504719], ['non-scenic', 0.00011504719]]
[['47.868171, -124.5030691'], ['non-scenic', 0.00011504719], ['non-scenic', 0.00011504719], ['non-scenic', 0.00011504719]]
[['47.883847, -124.4961182'], ['non-scenic', 0.00011504719], ['non-scenic', 0.00011504719], ['non-scenic', 0.00011504719]]
[['47.8879177, -124.5028383'], ['non-scenic', 0.00011504719], ['non-scenic', 0.00011504719], ['non-scenic', 0.00011504719]]
[['47.896791, -124.4992162'], ['non-scenic', 0.00011504719], ['non-scenic', 0.00011504719], ['non-scenic', 0.00011504719]]
[['47.9055425, -124.5029957'], ['non-scenic', 0.00011504719], ['non-scenic', 0.00011504719], ['non-scenic', 0.00011504719]]
[['47.9159388, -124.4954129'], ['non-scenic', 0.00011504719], ['non-scenic', 0.00011504719], ['non-scenic', 0.00011504719]]
[['47.9223763, -124.5023552'], ['non-scenic', 1.4362122e-05], ['non-scenic', 9.1192005e-06], ['nature and woods', 3.7189509e-06]]
[['47.9246744, -124.4960635'], ['non-scenic', 6.1986211e-05], ['nature and woods', 2.8535439e-06], ['nature and woods', 1.5995486e-06]]
[['47.9475167, -124.500323'], ['non-scenic', 0.00011504719], ['non-scenic', 0.00011504719], ['non-scenic', 0.00011504719]]
[['47.9484723, -124.5038143'], ['non-scenic', 0.00011504719], ['non-scenic', 0.00011504719], ['non-scenic', 0.00011504719]]
[['47.9598732, -124.504824'], ['non-scenic', 0.00011504719], ['non-scenic', 0.00011504719], ['non-scenic', 0.00011504719]]
[['47.96851729999999, -124.5017562'], ['non-scenic', 0.00011504719], ['non-scenic', 0.00011504719], ['non-scenic', 0.00011504719]]
[['47.9773277, -124.5005497'], ['non-scenic', 0.00011504719], ['non-scenic', 0.00011504719], ['non-scenic', 0.00011504719]]
[['47.9843437, -124.4990707'], ['non-scenic', 0.00011504719], ['non-scenic', 0.00011504719], ['non-scenic', 0.00011504719]]
[['47.9948596, -124.5031664'], ['non-scenic', 0.00011504719], ['non-scenic', 0.00011504719], ['non-scenic', 0.00011504719]]
[['48.0056174, -124.4986911'], ['non-scenic', 0.00011504719], ['non-scenic', 0.00011504719], ['non-scenic', 0.00011504719]]
[['48.0137168, -124.5088447'], ['non-scenic', 0.00011504719], ['non-scenic', 0.00011504719], ['non-scenic', 0.00011504719]]
[['48.02265389999999, -124.5046384'], ['non-scenic', 0.00011504719], ['non-scenic', 0.00011504719], ['non-scenic', 0.00011504719]]
[['48.0323442, -124.499546'], ['non-scenic', 0.00011504719], ['non-scenic', 0.00011504719], ['non-scenic', 0.00011504719]]
[['48.0359779, -124.5041776'], ['non-scenic', 0.00011504719], ['non-scenic', 0.00011504719], ['non-scenic', 0.00011504719]]
[['48.0500516, -124.5054544'], ['non-scenic', 0.00011504719], ['non-scenic', 0.00011504719], ['non-scenic', 0.00011504719]]
[['48.0562216, -124.49985'], ['non-scenic', 0.00011504719], ['non-scenic', 0.00011504719], ['non-scenic', 0.00011504719]]
[['48.0662172, -124.4996654'], ['non-scenic', 0.00011504719], ['non-scenic', 0.00011504719], ['non-scenic', 0.00011504719]]
[['48.076865, -124.497734'], ['non-scenic', 0.00011504719], ['non-scenic', 0.00011504719], ['non-scenic', 0.00011504719]]
[['48.0878254, -124.4989472'], ['non-scenic', 0.00011504719], ['non-scenic', 0.00011504719], ['non-scenic', 0.00011504719]]
[['48.0941151, -124.5027129'], ['non-scenic', 0.00011504719], ['non-scenic', 0.00011504719], ['non-scenic', 0.00011504719]]
[['48.0976964, -124.5050139'], ['non-scenic', 0.00011504719], ['non-scenic', 0.00011504719], ['non-scenic', 0.00011504719]]
[['48.10898350000001, -124.4941989'], ['non-scenic', 0.00011504719], ['non-scenic', 0.00011504719], ['non-scenic', 0.00011504719]]
[['48.123534, -124.4893591'], ['non-scenic', 0.00011504719], ['non-scenic', 0.00011504719], ['non-scenic', 0.00011504719]]
[['48.1300841, -124.4989432'], ['non-scenic', 0.00011504719], ['non-scenic', 0.00011504719], ['non-scenic', 0.00011504719]]
[['48.13702, -124.5029029'], ['non-scenic', 0.00011504719], ['non-scenic', 0.00011504719], ['non-scenic', 0.00011504719]]
[['48.1440265, -124.5102168'], ['non-scenic', 0.00011504719], ['non-scenic', 0.00011504719], ['non-scenic', 0.00011504719]]
[['48.1567493, -124.4939583'], ['non-scenic', 0.00011504719], ['non-scenic', 0.00011504719], ['non-scenic', 0.00011504719]]
[['48.1671372, -124.5044943'], ['non-scenic', 0.00011504719], ['non-scenic', 0.00011504719], ['non-scenic', 0.00011504719]]
[['48.1750602, -124.5028707'], ['non-scenic', 0.00011504719], ['non-scenic', 0.00011504719], ['non-scenic', 0.00011504719]]
[['48.1853417, -124.5027887'], ['non-scenic', 0.00011504719], ['non-scenic', 0.00011504719], ['non-scenic', 0.00011504719]]
[['48.1932085, -124.5026065'], ['non-scenic', 0.00011504719], ['non-scenic', 0.00011504719], ['non-scenic', 0.00011504719]]
[['48.2028963, -124.5036856'], ['non-scenic', 0.00011504719], ['non-scenic', 0.00011504719], ['non-scenic', 0.00011504719]]
[['48.2110147, -124.5037022'], ['non-scenic', 0.00011504719], ['non-scenic', 0.00011504719], ['non-scenic', 0.00011504719]]
[['48.2200777, -124.5028137'], ['non-scenic', 0.00011504719], ['non-scenic', 0.00011504719], ['non-scenic', 0.00011504719]]
[['48.2296542, -124.50555'], ['non-scenic', 0.00011504719], ['non-scenic', 0.00011504719], ['non-scenic', 0.00011504719]]
[['48.23914389999999, -124.502536'], ['non-scenic', 0.00011504719], ['non-scenic', 0.00011504719], ['non-scenic', 0.00011504719]]
[['48.2457789, -124.5042199'], ['non-scenic', 0.00011504719], ['non-scenic', 0.00011504719], ['non-scenic', 0.00011504719]]
[['48.2561474, -124.5030713'], ['non-scenic', 0.00011504719], ['non-scenic', 0.00011504719], ['non-scenic', 0.00011504719]]
[['48.2642278, -124.5027079'], ['non-scenic', 0.00011504719], ['non-scenic', 0.00011504719], ['non-scenic', 0.00011504719]]
[['48.273469, -124.497477'], ['non-scenic', 0.00011504719], ['non-scenic', 0.00011504719], ['non-scenic', 0.00011504719]]
[['48.284441, -124.5036298'], ['non-scenic', 0.00011504719], ['non-scenic', 0.00011504719], ['non-scenic', 0.00011504719]]
[['48.2925409, -124.5023548'], ['non-scenic', 0.00011504719], ['non-scenic', 0.00011504719], ['non-scenic', 0.00011504719]]
[['48.3015979, -124.5027499'], ['non-scenic', 0.00011504719], ['non-scenic', 0.00011504719], ['non-scenic', 0.00011504719]]
[['48.3105218, -124.5033593'], ['non-scenic', 0.00011504719], ['non-scenic', 0.00011504719], ['non-scenic', 0.00011504719]]
[['48.3193951, -124.5023889'], ['non-scenic', 0.00011504719], ['non-scenic', 0.00011504719], ['non-scenic', 0.00011504719]]
[['48.3279708, -124.5029982'], ['non-scenic', 0.00011504719], ['non-scenic', 0.00011504719], ['non-scenic', 0.00011504719]]
[['48.3376726, -124.5021419'], ['nature and woods', 5.0465924e-06], ['nature and woods', 3.0802776e-06], ['nature and woods', 1.7452586e-06]]
[['48.3416098, -124.5078376'], ['non-scenic', 1.0222328e-05], ['nature and woods', 8.6675345e-06], ['nature and woods', 2.2193217e-06]]
[['48.34416849999999, -124.5130762'], ['non-scenic', 1.7521033e-05], ['nature and woods', 4.2211218e-06], ['non-scenic', 4.2204615e-06]]
[['48.3473663, -124.5214706'], ['non-scenic', 6.484915e-06], ['nature and woods', 3.6944764e-06], ['non-scenic', 8.3061616e-07]]
[['48.5330318, -124.4449501'], ['nature and woods', 6.4063912e-05], ['nature and woods', 3.2467771e-05], ['nature and woods', 5.9503918e-06]]
[['48.533077, -124.4449625'], ['nature and woods', 6.4063912e-05], ['nature and woods', 3.2467771e-05], ['nature and woods', 5.9503918e-06]]
[['48.5331459, -124.4449815'], ['non-scenic', 2.5030567e-05], ['nature and woods', 2.0158424e-05], ['nature and woods', 3.7232946e-06]]
[['48.5399936, -124.4430186'], ['nature and woods', 1.715856e-05], ['nature and woods', 4.4581875e-06], ['nature and woods', 5.6075345e-07]]
[['48.5401822, -124.4429469'], ['nature and woods', 9.1255633e-06], ['nature and woods', 1.1954224e-06], ['nature and woods', 5.8790545e-07]]
[['48.61002389999999, -124.4418301'], ['non-scenic', 0.00011504719], ['non-scenic', 0.00011504719], ['non-scenic', 0.00011504719]]
[['48.610098, -124.4418469'], ['non-scenic', 0.00011504719], ['non-scenic', 0.00011504719], ['non-scenic', 0.00011504719]]
[['48.6534831, -124.5056473'], ['non-scenic', 0.00011504719], ['non-scenic', 0.00011504719], ['non-scenic', 0.00011504719]]
[['48.6609933, -124.5024347'], ['non-scenic', 0.00011504719], ['non-scenic', 0.00011504719], ['non-scenic', 0.00011504719]]
[['48.6666551, -124.5031214'], ['non-scenic', 0.00011504719], ['non-scenic', 0.00011504719], ['non-scenic', 0.00011504719]]
[['48.69370800000001, -124.491352'], ['non-scenic', 0.00011504719], ['non-scenic', 0.00011504719], ['non-scenic', 0.00011504719]]
[['48.7102065, -124.5061684'], ['non-scenic', 0.00011504719], ['non-scenic', 0.00011504719], ['non-scenic', 0.00011504719]]
[['48.7156553, -124.5000424'], ['non-scenic', 0.00011504719], ['non-scenic', 0.00011504719], ['non-scenic', 0.00011504719]]
[['48.7238518, -124.5034336'], ['non-scenic', 0.00011504719], ['non-scenic', 0.00011504719], ['non-scenic', 0.00011504719]]
[['48.7326668, -124.5026422'], ['non-scenic', 0.00011504719], ['non-scenic', 0.00011504719], ['non-scenic', 0.00011504719]]
[['48.7413511, -124.5043564'], ['non-scenic', 0.00011504719], ['non-scenic', 0.00011504719], ['non-scenic', 0.00011504719]]
[['48.7515389, -124.5035544'], ['non-scenic', 0.00011504719], ['non-scenic', 0.00011504719], ['non-scenic', 0.00011504719]]
[['48.761894, -124.505672'], ['non-scenic', 0.00011504719], ['non-scenic', 0.00011504719], ['non-scenic', 0.00011504719]]
[['48.7672547, -124.4993015'], ['non-scenic', 0.00011504719], ['non-scenic', 0.00011504719], ['non-scenic', 0.00011504719]]
[['48.78082, -124.496886'], ['non-scenic', 0.00011504719], ['non-scenic', 0.00011504719], ['non-scenic', 0.00011504719]]
[['48.783634, -124.496371'], ['non-scenic', 0.00011504719], ['non-scenic', 0.00011504719], ['non-scenic', 0.00011504719]]
[['48.799794, -124.503048'], ['non-scenic', 0.00011504719], ['non-scenic', 0.00011504719], ['non-scenic', 0.00011504719]]
[['48.804401, -124.5033982'], ['non-scenic', 0.00011504719], ['non-scenic', 0.00011504719], ['non-scenic', 0.00011504719]]
[['48.8152, -124.499994'], ['non-scenic', 0.00011504719], ['non-scenic', 0.00011504719], ['non-scenic', 0.00011504719]]
[['48.8230837, -124.502649'], ['non-scenic', 0.00011504719], ['non-scenic', 0.00011504719], ['non-scenic', 0.00011504719]]
[['48.83279479999999, -124.5009549'], ['non-scenic', 0.00011504719], ['non-scenic', 0.00011504719], ['non-scenic', 0.00011504719]]
[['48.8415719, -124.5025566'], ['non-scenic', 0.00011504719], ['non-scenic', 0.00011504719], ['non-scenic', 0.00011504719]]
[['48.851617, -124.505512'], ['non-scenic', 0.00011504719], ['non-scenic', 0.00011504719], ['non-scenic', 0.00011504719]]
[['48.8599928, -124.5035934'], ['non-scenic', 0.00011504719], ['non-scenic', 0.00011504719], ['non-scenic', 0.00011504719]]
[['48.8694551, -124.5030094'], ['non-scenic', 0.00011504719], ['non-scenic', 0.00011504719], ['non-scenic', 0.00011504719]]
[['48.8777348, -124.5024025'], ['non-scenic', 0.00011504719], ['non-scenic', 0.00011504719], ['non-scenic', 0.00011504719]]
[['48.88113569999999, -124.5039904'], ['non-scenic', 0.00011504719], ['non-scenic', 0.00011504719], ['non-scenic', 0.00011504719]]
[['48.8861942, -124.5131528'], ['non-scenic', 0.00011504719], ['non-scenic', 0.00011504719], ['non-scenic', 0.00011504719]]
[['48.9137141, -124.4979127'], ['non-scenic', 0.00011504719], ['non-scenic', 0.00011504719], ['non-scenic', 0.00011504719]]
[['48.914248, -124.498781'], ['non-scenic', 0.00011504719], ['non-scenic', 0.00011504719], ['non-scenic', 0.00011504719]]
[['48.9188124, -124.501283'], ['non-scenic', 0.00011504719], ['non-scenic', 0.00011504719], ['non-scenic', 0.00011504719]]
[['48.9189292, -124.5004177'], ['non-scenic', 0.00011504719], ['non-scenic', 0.00011504719], ['non-scenic', 0.00011504719]]
[['48.9411733, -124.5186413'], ['non-scenic', 0.00011504719], ['non-scenic', 0.00011504719], ['non-scenic', 0.00011504719]]
[['48.9466682, -124.5183913'], ['non-scenic', 0.00011504719], ['non-scenic', 0.00011504719], ['non-scenic', 0.00011504719]]
[['47.74782, -124.42773'], ['non-scenic', 0.00011504719], ['non-scenic', 0.00011504719], ['non-scenic', 0.00011504719]]
[['47.7853004, -124.4278768'], ['non-scenic', 0.00011504719], ['non-scenic', 0.00011504719], ['non-scenic', 0.00011504719]]
[['47.8234137, -124.4547566'], ['non-scenic', 0.00011504719], ['non-scenic', 0.00011504719], ['non-scenic', 0.00011504719]]
[['47.8238177, -124.4551686'], ['non-scenic', 0.00011504719], ['non-scenic', 0.00011504719], ['non-scenic', 0.00011504719]]
[['47.8362892, -124.4606593'], ['non-scenic', 0.00011504719], ['non-scenic', 0.00011504719], ['non-scenic', 0.00011504719]]
[['47.8691432, -124.4967551'], ['non-scenic', 0.00011504719], ['non-scenic', 0.00011504719], ['non-scenic', 0.00011504719]]
[['47.8695151, -124.494954'], ['non-scenic', 0.00011504719], ['non-scenic', 0.00011504719], ['non-scenic', 0.00011504719]]
[['47.8707195, -124.4927517'], ['non-scenic', 0.00011504719], ['non-scenic', 0.00011504719], ['non-scenic', 0.00011504719]]
[['47.8759868, -124.4882796'], ['non-scenic', 0.00011504719], ['non-scenic', 0.00011504719], ['non-scenic', 0.00011504719]]
[['47.8870302, -124.4930194'], ['non-scenic', 0.00011504719], ['non-scenic', 0.00011504719], ['non-scenic', 0.00011504719]]
[['47.8948192, -124.4874461'], ['non-scenic', 0.00011504719], ['non-scenic', 0.00011504719], ['non-scenic', 0.00011504719]]
[['47.9043564, -124.4889132'], ['non-scenic', 0.00011504719], ['non-scenic', 0.00011504719], ['non-scenic', 0.00011504719]]
[['47.9152831, -124.4944604'], ['non-scenic', 0.00011504719], ['non-scenic', 0.00011504719], ['non-scenic', 0.00011504719]]
[['47.9241179, -124.4914339'], ['non-scenic', 0.00011504719], ['non-scenic', 0.00011504719], ['non-scenic', 0.00011504719]]
[['47.9289643, -124.4856939'], ['non-scenic', 1.954234e-05], ['non-scenic', 6.0726456e-06], ['non-scenic', 4.5466631e-06]]
[['47.9470434, -124.4897597'], ['non-scenic', 0.00011504719], ['non-scenic', 0.00011504719], ['non-scenic', 0.00011504719]]
[['47.947769, -124.4890902'], ['non-scenic', 0.00011504719], ['non-scenic', 0.00011504719], ['non-scenic', 0.00011504719]]
[['47.96087499999999, -124.489248'], ['non-scenic', 0.00011504719], ['non-scenic', 0.00011504719], ['non-scenic', 0.00011504719]]
[['47.9680547, -124.4891113'], ['non-scenic', 0.00011504719], ['non-scenic', 0.00011504719], ['non-scenic', 0.00011504719]]
[['47.9767769, -124.489795'], ['non-scenic', 0.00011504719], ['non-scenic', 0.00011504719], ['non-scenic', 0.00011504719]]
[['47.985812, -124.4902751'], ['non-scenic', 0.00011504719], ['non-scenic', 0.00011504719], ['non-scenic', 0.00011504719]]
[['47.9951634, -124.489154'], ['non-scenic', 0.00011504719], ['non-scenic', 0.00011504719], ['non-scenic', 0.00011504719]]
[['48.0022511, -124.4878886'], ['non-scenic', 0.00011504719], ['non-scenic', 0.00011504719], ['non-scenic', 0.00011504719]]
[['48.0133221, -124.4839672'], ['non-scenic', 0.00011504719], ['non-scenic', 0.00011504719], ['non-scenic', 0.00011504719]]
[['48.0226627, -124.4840396'], ['non-scenic', 0.00011504719], ['non-scenic', 0.00011504719], ['non-scenic', 0.00011504719]]
[['48.0304425, -124.4905476'], ['non-scenic', 0.00011504719], ['non-scenic', 0.00011504719], ['non-scenic', 0.00011504719]]
[['48.0394495, -124.4880624'], ['non-scenic', 0.00011504719], ['non-scenic', 0.00011504719], ['non-scenic', 0.00011504719]]
[['48.0483582, -124.489291'], ['non-scenic', 0.00011504719], ['non-scenic', 0.00011504719], ['non-scenic', 0.00011504719]]
[['48.05965860000001, -124.4917082'], ['non-scenic', 0.00011504719], ['non-scenic', 0.00011504719], ['non-scenic', 0.00011504719]]
[['48.0641566, -124.4868399'], ['non-scenic', 0.00011504719], ['non-scenic', 0.00011504719], ['non-scenic', 0.00011504719]]
[['48.0757566, -124.4887128'], ['non-scenic', 0.00011504719], ['non-scenic', 0.00011504719], ['non-scenic', 0.00011504719]]
[['48.0878856, -124.4913947'], ['non-scenic', 0.00011504719], ['non-scenic', 0.00011504719], ['non-scenic', 0.00011504719]]
[['48.0954929, -124.4906615'], ['non-scenic', 0.00011504719], ['non-scenic', 0.00011504719], ['non-scenic', 0.00011504719]]
[['48.1020495, -124.4848103'], ['non-scenic', 0.00011504719], ['non-scenic', 0.00011504719], ['non-scenic', 0.00011504719]]
[['48.1126156, -124.4882085'], ['non-scenic', 0.00011504719], ['non-scenic', 0.00011504719], ['non-scenic', 0.00011504719]]
[['48.1211206, -124.4882164'], ['non-scenic', 0.00011504719], ['non-scenic', 0.00011504719], ['non-scenic', 0.00011504719]]
[['48.1279034, -124.4864228'], ['non-scenic', 0.00011504719], ['non-scenic', 0.00011504719], ['non-scenic', 0.00011504719]]
[['48.1385981, -124.4887869'], ['non-scenic', 0.00011504719], ['non-scenic', 0.00011504719], ['non-scenic', 0.00011504719]]
[['48.14653939999999, -124.4916324'], ['non-scenic', 0.00011504719], ['non-scenic', 0.00011504719], ['non-scenic', 0.00011504719]]
[['48.1575413, -124.4906754'], ['non-scenic', 0.00011504719], ['non-scenic', 0.00011504719], ['non-scenic', 0.00011504719]]
[['48.17058, -124.495201'], ['non-scenic', 0.00011504719], ['non-scenic', 0.00011504719], ['non-scenic', 0.00011504719]]
[['48.1737956, -124.4898679'], ['nature and woods', 1.2017821e-05], ['nature and woods', 7.1452046e-06], ['nature and woods', 1.3477495e-06]]
[['48.1836728, -124.489105'], ['non-scenic', 0.00011504719], ['non-scenic', 0.00011504719], ['non-scenic', 0.00011504719]]
[['48.1934687, -124.4835482'], ['non-scenic', 0.00011504719], ['non-scenic', 0.00011504719], ['non-scenic', 0.00011504719]]
[['48.2022442, -124.4904187'], ['non-scenic', 0.00011504719], ['non-scenic', 0.00011504719], ['non-scenic', 0.00011504719]]
[['48.2109408, -124.4902772'], ['non-scenic', 0.00011504719], ['non-scenic', 0.00011504719], ['non-scenic', 0.00011504719]]
[['48.2216598, -124.4880772'], ['non-scenic', 0.00011504719], ['non-scenic', 0.00011504719], ['non-scenic', 0.00011504719]]
[['48.2290369, -124.4890534'], ['non-scenic', 0.00011504719], ['non-scenic', 0.00011504719], ['non-scenic', 0.00011504719]]
[['48.2366625, -124.4897045'], ['non-scenic', 0.00011504719], ['non-scenic', 0.00011504719], ['non-scenic', 0.00011504719]]
[['48.2470222, -124.4887647'], ['non-scenic', 0.00011504719], ['non-scenic', 0.00011504719], ['non-scenic', 0.00011504719]]
[['48.2589424, -124.4869999'], ['non-scenic', 0.00011504719], ['non-scenic', 0.00011504719], ['non-scenic', 0.00011504719]]
[['48.2649852, -124.4884937'], ['non-scenic', 0.00011504719], ['non-scenic', 0.00011504719], ['non-scenic', 0.00011504719]]
[['48.2726514, -124.4911068'], ['non-scenic', 0.00011504719], ['non-scenic', 0.00011504719], ['non-scenic', 0.00011504719]]
[['48.28288269999999, -124.487101'], ['non-scenic', 0.00011504719], ['non-scenic', 0.00011504719], ['non-scenic', 0.00011504719]]
[['48.291495, -124.485339'], ['non-scenic', 0.00011504719], ['non-scenic', 0.00011504719], ['non-scenic', 0.00011504719]]
[['48.30283860000001, -124.4901428'], ['non-scenic', 0.00011504719], ['non-scenic', 0.00011504719], ['non-scenic', 0.00011504719]]
[['48.3096288, -124.4901454'], ['non-scenic', 0.00011504719], ['non-scenic', 0.00011504719], ['non-scenic', 0.00011504719]]
[['48.318668, -124.4890403'], ['non-scenic', 0.00011504719], ['non-scenic', 0.00011504719], ['non-scenic', 0.00011504719]]
[['48.3315168, -124.4877523'], ['non-scenic', 6.4970686e-06], ['nature and woods', 3.1248794e-06], ['non-scenic', 1.558582e-06]]
[['48.3345547, -124.4938674'], ['nature and woods', 6.9008065e-06], ['nature and woods', 4.8655597e-06], ['nature and woods', 2.2570357e-06]]
[['48.3367073, -124.4957793'], ['nature and woods', 7.3292031e-06], ['nature and woods', 2.7959863e-06], ['nature and woods', 2.4877179e-06]]
[['48.3440896, -124.5129249'], ['non-scenic', 1.7521033e-05], ['nature and woods', 4.2211218e-06], ['non-scenic', 4.2204615e-06]]
[['48.532852, -124.4447343'], ['non-scenic', 6.8145106e-05], ['nature and woods', 3.2476481e-05], ['nature and woods', 7.2446333e-06]]
[['48.532938, -124.4448679'], ['nature and woods', 2.2213477e-05], ['non-scenic', 1.795358e-05], ['nature and woods', 1.3960954e-05]]
[['48.5403603, -124.4428561'], ['nature and woods', 1.4022135e-05], ['nature and woods', 7.8433941e-06], ['nature and woods', 1.6057176e-06]]
[['48.5466849, -124.4363579'], ['nature and woods', 8.1402883e-05], ['nature and woods', 8.33173e-06], ['nature and woods', 4.413494e-06]]
[['48.6008374, -124.4321856'], ['nature and woods', 2.2919139e-05], ['nature and woods', 1.1234782e-05], ['nature and woods', 9.8754654e-06]]
[['48.61028710000001, -124.4418357'], ['non-scenic', 0.00011504719], ['non-scenic', 0.00011504719], ['non-scenic', 0.00011504719]]
[['48.6457104, -124.4609439'], ['non-scenic', 0.00011504719], ['non-scenic', 0.00011504719], ['non-scenic', 0.00011504719]]
[['48.6458711, -124.4610995'], ['non-scenic', 0.00011504719], ['non-scenic', 0.00011504719], ['non-scenic', 0.00011504719]]
[['48.655851, -124.479107'], ['non-scenic', 0.00011504719], ['non-scenic', 0.00011504719], ['non-scenic', 0.00011504719]]
[['48.6573272, -124.4823931'], ['non-scenic', 0.00011504719], ['non-scenic', 0.00011504719], ['non-scenic', 0.00011504719]]
[['48.6614114, -124.4881546'], ['non-scenic', 0.00011504719], ['non-scenic', 0.00011504719], ['non-scenic', 0.00011504719]]
[['48.6655701, -124.494048'], ['non-scenic', 0.00011504719], ['non-scenic', 0.00011504719], ['non-scenic', 0.00011504719]]
[['48.68613, -124.4839'], ['non-scenic', 0.00011504719], ['non-scenic', 0.00011504719], ['non-scenic', 0.00011504719]]
[['48.688928, -124.486659'], ['non-scenic', 0.00011504719], ['non-scenic', 0.00011504719], ['non-scenic', 0.00011504719]]
[['48.6971423, -124.4889375'], ['non-scenic', 0.00011504719], ['non-scenic', 0.00011504719], ['non-scenic', 0.00011504719]]
[['48.70588129999999, -124.4883213'], ['non-scenic', 0.00011504719], ['non-scenic', 0.00011504719], ['non-scenic', 0.00011504719]]
[['48.7131798, -124.4940984'], ['non-scenic', 0.00011504719], ['non-scenic', 0.00011504719], ['non-scenic', 0.00011504719]]
[['48.7245406, -124.4871032'], ['non-scenic', 0.00011504719], ['non-scenic', 0.00011504719], ['non-scenic', 0.00011504719]]
[['48.7339503, -124.490473'], ['non-scenic', 0.00011504719], ['non-scenic', 0.00011504719], ['non-scenic', 0.00011504719]]
[['48.73923869999999, -124.4927359'], ['non-scenic', 0.00011504719], ['non-scenic', 0.00011504719], ['non-scenic', 0.00011504719]]
[['48.750706, -124.487434'], ['non-scenic', 0.00011504719], ['non-scenic', 0.00011504719], ['non-scenic', 0.00011504719]]
[['48.757191, -124.483353'], ['non-scenic', 0.00011504719], ['non-scenic', 0.00011504719], ['non-scenic', 0.00011504719]]
[['48.7686062, -124.4890922'], ['non-scenic', 0.00011504719], ['non-scenic', 0.00011504719], ['non-scenic', 0.00011504719]]
[['48.7786631, -124.4890314'], ['non-scenic', 0.00011504719], ['non-scenic', 0.00011504719], ['non-scenic', 0.00011504719]]
[['48.7836667, -124.4957703'], ['non-scenic', 0.00011504719], ['non-scenic', 0.00011504719], ['non-scenic', 0.00011504719]]
[['48.798799, -124.489605'], ['non-scenic', 0.00011504719], ['non-scenic', 0.00011504719], ['non-scenic', 0.00011504719]]
[['48.80463, -124.489518'], ['non-scenic', 0.00011504719], ['non-scenic', 0.00011504719], ['non-scenic', 0.00011504719]]
[['48.812362, -124.493371'], ['non-scenic', 0.00011504719], ['non-scenic', 0.00011504719], ['non-scenic', 0.00011504719]]
[['48.821262, -124.500079'], ['non-scenic', 0.00011504719], ['non-scenic', 0.00011504719], ['non-scenic', 0.00011504719]]
[['48.8347682, -124.4874001'], ['non-scenic', 0.00011504719], ['non-scenic', 0.00011504719], ['non-scenic', 0.00011504719]]
[['48.836124, -124.491065'], ['non-scenic', 0.00011504719], ['non-scenic', 0.00011504719], ['non-scenic', 0.00011504719]]
[['48.85235489999999, -124.4891198'], ['non-scenic', 0.00011504719], ['non-scenic', 0.00011504719], ['non-scenic', 0.00011504719]]
[['48.8605917, -124.4881977'], ['non-scenic', 0.00011504719], ['non-scenic', 0.00011504719], ['non-scenic', 0.00011504719]]
[['48.86644039999999, -124.4914382'], ['non-scenic', 0.00011504719], ['non-scenic', 0.00011504719], ['non-scenic', 0.00011504719]]
[['48.8796646, -124.4909066'], ['non-scenic', 0.00011504719], ['non-scenic', 0.00011504719], ['non-scenic', 0.00011504719]]
[['48.8859587, -124.4894779'], ['non-scenic', 0.00011504719], ['non-scenic', 0.00011504719], ['non-scenic', 0.00011504719]]
[['48.8866175, -124.4902897'], ['non-scenic', 0.00011504719], ['non-scenic', 0.00011504719], ['non-scenic', 0.00011504719]]
[['48.9124203, -124.4896293'], ['non-scenic', 0.00011504719], ['non-scenic', 0.00011504719], ['non-scenic', 0.00011504719]]
[['48.9125005, -124.4890167'], ['non-scenic', 0.00011504719], ['non-scenic', 0.00011504719], ['non-scenic', 0.00011504719]]
[['48.921732, -124.4867583'], ['non-scenic', 0.00011504719], ['non-scenic', 0.00011504719], ['non-scenic', 0.00011504719]]
[['48.9225548, -124.4855571'], ['non-scenic', 0.00011504719], ['non-scenic', 0.00011504719], ['non-scenic', 0.00011504719]]
[['48.9226149, -124.4851958'], ['non-scenic', 0.00011504719], ['non-scenic', 0.00011504719], ['non-scenic', 0.00011504719]]
[['48.9461694, -124.5182121'], ['non-scenic', 0.00011504719], ['non-scenic', 0.00011504719], ['non-scenic', 0.00011504719]]
[['47.6937592, -124.4106209'], ['nature and woods', 2.1050975e-05], ['nature and woods', 7.2046982e-06], ['nature and woods', 1.45456e-06]]
[['47.7075142, -124.4144615'], ['nature and woods', 3.8067978e-05], ['non-scenic', 7.461907e-06], ['nature and woods', 6.312714e-06]]
[['47.7142428, -124.4137075'], ['nature and woods', 2.0883945e-06], ['nature and woods', 9.5509688e-07], ['nature and woods', 4.6084853e-07]]
[['47.7472293, -124.4273035'], ['non-scenic', 0.00011504719], ['non-scenic', 0.00011504719], ['non-scenic', 0.00011504719]]
[['47.821327, -124.4511037'], ['non-scenic', 0.00011504719], ['non-scenic', 0.00011504719], ['non-scenic', 0.00011504719]]
[['47.8232391, -124.4544478'], ['non-scenic', 0.00011504719], ['non-scenic', 0.00011504719], ['non-scenic', 0.00011504719]]
[['47.83649680000001, -124.460541'], ['non-scenic', 0.00011504719], ['non-scenic', 0.00011504719], ['non-scenic', 0.00011504719]]
[['47.8366644, -124.4603184'], ['non-scenic', 0.00011504719], ['non-scenic', 0.00011504719], ['non-scenic', 0.00011504719]]
[['47.8640066, -124.4561959'], ['non-scenic', 0.00011504719], ['non-scenic', 0.00011504719], ['non-scenic', 0.00011504719]]
[['47.8774041, -124.4713434'], ['non-scenic', 0.00011504719], ['non-scenic', 0.00011504719], ['non-scenic', 0.00011504719]]
[['47.879163, -124.4749697'], ['non-scenic', 0.00011504719], ['non-scenic', 0.00011504719], ['non-scenic', 0.00011504719]]
[['47.88794590000001, -124.4722739'], ['non-scenic', 0.00011504719], ['non-scenic', 0.00011504719], ['non-scenic', 0.00011504719]]
[['47.8967716, -124.4748052'], ['non-scenic', 0.00011504719], ['non-scenic', 0.00011504719], ['non-scenic', 0.00011504719]]
[['47.9064483, -124.4751977'], ['non-scenic', 0.00011504719], ['non-scenic', 0.00011504719], ['non-scenic', 0.00011504719]]
[['47.9135834, -124.4731387'], ['non-scenic', 0.00011504719], ['non-scenic', 0.00011504719], ['non-scenic', 0.00011504719]]
[['47.9228993, -124.4761263'], ['non-scenic', 0.00011504719], ['non-scenic', 0.00011504719], ['non-scenic', 0.00011504719]]
[['47.933209, -124.477231'], ['non-scenic', 0.00011041447], ['non-scenic', 1.2169409e-05], ['non-scenic', 2.2113879e-06]]
[['47.9399864, -124.4733443'], ['non-scenic', 0.00011504719], ['non-scenic', 0.00011504719], ['non-scenic', 0.00011504719]]
[['47.9507073, -124.4754443'], ['non-scenic', 0.00011504719], ['non-scenic', 0.00011504719], ['non-scenic', 0.00011504719]]
[['47.96001829999999, -124.4827931'], ['non-scenic', 0.00011504719], ['non-scenic', 0.00011504719], ['non-scenic', 0.00011504719]]
[['47.9677663, -124.4753107'], ['non-scenic', 0.00011504719], ['non-scenic', 0.00011504719], ['non-scenic', 0.00011504719]]
[['47.9807419, -124.479806'], ['non-scenic', 0.00011504719], ['non-scenic', 0.00011504719], ['non-scenic', 0.00011504719]]
[['47.9858753, -124.4743542'], ['non-scenic', 0.00011504719], ['non-scenic', 0.00011504719], ['non-scenic', 0.00011504719]]
[['47.9957589, -124.4759935'], ['non-scenic', 0.00011504719], ['non-scenic', 0.00011504719], ['non-scenic', 0.00011504719]]
[['48.0026325, -124.4782264'], ['non-scenic', 0.00011504719], ['non-scenic', 0.00011504719], ['non-scenic', 0.00011504719]]
[['48.01306659999999, -124.4742756'], ['non-scenic', 0.00011504719], ['non-scenic', 0.00011504719], ['non-scenic', 0.00011504719]]
[['48.0218707, -124.4697202'], ['non-scenic', 0.00011504719], ['non-scenic', 0.00011504719], ['non-scenic', 0.00011504719]]
[['48.0265874, -124.4871561'], ['non-scenic', 0.00011504719], ['non-scenic', 0.00011504719], ['non-scenic', 0.00011504719]]
[['48.0421161, -124.4816366'], ['non-scenic', 0.00011504719], ['non-scenic', 0.00011504719], ['non-scenic', 0.00011504719]]
[['48.0492787, -124.475436'], ['non-scenic', 0.00011504719], ['non-scenic', 0.00011504719], ['non-scenic', 0.00011504719]]
[['48.0571069, -124.477929'], ['non-scenic', 0.00011504719], ['non-scenic', 0.00011504719], ['non-scenic', 0.00011504719]]
[['48.0659892, -124.4765695'], ['non-scenic', 0.00011504719], ['non-scenic', 0.00011504719], ['non-scenic', 0.00011504719]]
[['48.07815900000001, -124.47934'], ['non-scenic', 0.00011504719], ['non-scenic', 0.00011504719], ['non-scenic', 0.00011504719]]
[['48.0842214, -124.476567'], ['non-scenic', 0.00011504719], ['non-scenic', 0.00011504719], ['non-scenic', 0.00011504719]]
[['48.0940261, -124.4753343'], ['non-scenic', 0.00011504719], ['non-scenic', 0.00011504719], ['non-scenic', 0.00011504719]]
[['48.0998048, -124.470961'], ['non-scenic', 0.00011504719], ['non-scenic', 0.00011504719], ['non-scenic', 0.00011504719]]
[['48.1142988, -124.4802744'], ['non-scenic', 0.00011504719], ['non-scenic', 0.00011504719], ['non-scenic', 0.00011504719]]
[['48.122274, -124.4757758'], ['non-scenic', 0.00011504719], ['non-scenic', 0.00011504719], ['non-scenic', 0.00011504719]]
[['48.1311651, -124.4722207'], ['non-scenic', 0.00011504719], ['non-scenic', 0.00011504719], ['non-scenic', 0.00011504719]]
[['48.1366553, -124.4710037'], ['non-scenic', 0.00011504719], ['non-scenic', 0.00011504719], ['non-scenic', 0.00011504719]]
[['48.1480276, -124.4772004'], ['non-scenic', 0.00011504719], ['non-scenic', 0.00011504719], ['non-scenic', 0.00011504719]]
[['48.157928, -124.4793764'], ['non-scenic', 0.00011504719], ['non-scenic', 0.00011504719], ['non-scenic', 0.00011504719]]
[['48.1667036, -124.4722702'], ['non-scenic', 0.00011504719], ['non-scenic', 0.00011504719], ['non-scenic', 0.00011504719]]
[['48.1763375, -124.4761069'], ['nature and woods', 5.8570058e-05], ['nature and woods', 1.6945489e-05], ['non-scenic', 9.2175251e-06]]
[['48.1853844, -124.475225'], ['non-scenic', 0.00011504719], ['non-scenic', 0.00011504719], ['non-scenic', 0.00011504719]]
[['48.1926883, -124.4752066'], ['non-scenic', 0.00011504719], ['non-scenic', 0.00011504719], ['non-scenic', 0.00011504719]]
[['48.2019623, -124.4755054'], ['non-scenic', 0.00011504719], ['non-scenic', 0.00011504719], ['non-scenic', 0.00011504719]]
[['48.2120238, -124.4706707'], ['non-scenic', 0.00011504719], ['non-scenic', 0.00011504719], ['non-scenic', 0.00011504719]]
[['48.2200354, -124.4747554'], ['non-scenic', 0.00011504719], ['non-scenic', 0.00011504719], ['non-scenic', 0.00011504719]]
[['48.2293014, -124.4743601'], ['non-scenic', 0.00011504719], ['non-scenic', 0.00011504719], ['non-scenic', 0.00011504719]]
[['48.2390221, -124.4737094'], ['non-scenic', 0.00011504719], ['non-scenic', 0.00011504719], ['non-scenic', 0.00011504719]]
[['48.24704699999999, -124.4758054'], ['non-scenic', 0.00011504719], ['non-scenic', 0.00011504719], ['non-scenic', 0.00011504719]]
[['48.2559206, -124.4760124'], ['non-scenic', 0.00011504719], ['non-scenic', 0.00011504719], ['non-scenic', 0.00011504719]]
[['48.2636477, -124.4757577'], ['non-scenic', 0.00011504719], ['non-scenic', 0.00011504719], ['non-scenic', 0.00011504719]]
[['48.2733449, -124.4755638'], ['non-scenic', 0.00011504719], ['non-scenic', 0.00011504719], ['non-scenic', 0.00011504719]]
[['48.2847496, -124.4735082'], ['non-scenic', 0.00011504719], ['non-scenic', 0.00011504719], ['non-scenic', 0.00011504719]]
[['48.2910461, -124.4745137'], ['non-scenic', 0.00011504719], ['non-scenic', 0.00011504719], ['non-scenic', 0.00011504719]]
[['48.3010009, -124.4760081'], ['non-scenic', 0.00011504719], ['non-scenic', 0.00011504719], ['non-scenic', 0.00011504719]]
[['48.3103631, -124.4751576'], ['non-scenic', 0.00011504719], ['non-scenic', 0.00011504719], ['non-scenic', 0.00011504719]]
[['48.3165565, -124.4736835'], ['non-scenic', 0.00011504719], ['non-scenic', 0.00011504719], ['non-scenic', 0.00011504719]]
[['48.3279086, -124.4757398'], ['non-scenic', 0.00011348691], ['non-scenic', 2.2711916e-05], ['nature and woods', 1.0730775e-05]]
[['48.3300839, -124.4810084'], ['non-scenic', 8.2351935e-06], ['nature and woods', 2.277251e-06], ['nature and woods', 1.5746815e-06]]
[['48.3315116, -124.4850024'], ['nature and woods', 2.5414143e-05], ['nature and woods', 2.1637447e-06], ['nature and woods', 6.124983e-07]]
[['48.3366309, -124.4955865'], ['nature and woods', 8.2398828e-06], ['nature and woods', 4.8588681e-06], ['nature and woods', 1.1151283e-06]]
[['48.341712, -124.5080489'], ['nature and woods', 5.8746118e-05], ['non-scenic', 4.7274139e-06], ['nature and woods', 1.9385091e-06]]
[['48.5328156, -124.4446524'], ['nature and woods', 2.5954227e-05], ['non-scenic', 1.8438477e-05], ['nature and woods', 1.5278951e-06]]
[['48.5479323, -124.4347428'], ['nature and woods', 1.1417133e-05], ['nature and woods', 3.8722706e-06], ['nature and woods', 1.8960401e-06]]
[['48.6104503, -124.4417796'], ['non-scenic', 0.00011504719], ['non-scenic', 0.00011504719], ['non-scenic', 0.00011504719]]
[['48.6355768, -124.4489586'], ['non-scenic', 0.00011504719], ['non-scenic', 0.00011504719], ['non-scenic', 0.00011504719]]
[['48.6470491, -124.4618413'], ['non-scenic', 0.00011504719], ['non-scenic', 0.00011504719], ['non-scenic', 0.00011504719]]
[['48.6550576, -124.4744553'], ['non-scenic', 0.00011504719], ['non-scenic', 0.00011504719], ['non-scenic', 0.00011504719]]
[['48.65569929999999, -124.4774902'], ['non-scenic', 0.00011504719], ['non-scenic', 0.00011504719], ['non-scenic', 0.00011504719]]
[['48.6621058, -124.4884658'], ['non-scenic', 0.00011504719], ['non-scenic', 0.00011504719], ['non-scenic', 0.00011504719]]
[['48.6834518, -124.4736461'], ['non-scenic', 0.00011504719], ['non-scenic', 0.00011504719], ['non-scenic', 0.00011504719]]
[['48.6873829, -124.475309'], ['non-scenic', 0.00011504719], ['non-scenic', 0.00011504719], ['non-scenic', 0.00011504719]]
[['48.6986193, -124.4772332'], ['non-scenic', 0.00011504719], ['non-scenic', 0.00011504719], ['non-scenic', 0.00011504719]]
[['48.7059548, -124.4755801'], ['non-scenic', 0.00011504719], ['non-scenic', 0.00011504719], ['non-scenic', 0.00011504719]]
[['48.7152267, -124.4771339'], ['non-scenic', 0.00011504719], ['non-scenic', 0.00011504719], ['non-scenic', 0.00011504719]]
[['48.72416800000001, -124.472645'], ['non-scenic', 0.00011504719], ['non-scenic', 0.00011504719], ['non-scenic', 0.00011504719]]
[['48.7329623, -124.4736922'], ['non-scenic', 0.00011504719], ['non-scenic', 0.00011504719], ['non-scenic', 0.00011504719]]
[['48.747547, -124.47707'], ['non-scenic', 0.00011504719], ['non-scenic', 0.00011504719], ['non-scenic', 0.00011504719]]
[['48.751084, -124.476901'], ['non-scenic', 0.00011504719], ['non-scenic', 0.00011504719], ['non-scenic', 0.00011504719]]
[['48.7600773, -124.4753867'], ['non-scenic', 0.00011504719], ['non-scenic', 0.00011504719], ['non-scenic', 0.00011504719]]
[['48.768449, -124.4721858'], ['non-scenic', 0.00011504719], ['non-scenic', 0.00011504719], ['non-scenic', 0.00011504719]]
[['48.781543, -124.477141'], ['non-scenic', 0.00011504719], ['non-scenic', 0.00011504719], ['non-scenic', 0.00011504719]]
[['48.786955, -124.474632'], ['non-scenic', 0.00011504719], ['non-scenic', 0.00011504719], ['non-scenic', 0.00011504719]]
[['48.799529, -124.474864'], ['non-scenic', 0.00011504719], ['non-scenic', 0.00011504719], ['non-scenic', 0.00011504719]]
[['48.8061258, -124.4722858'], ['non-scenic', 0.00011504719], ['non-scenic', 0.00011504719], ['non-scenic', 0.00011504719]]
[['48.8068108, -124.4717161'], ['non-scenic', 0.00011504719], ['non-scenic', 0.00011504719], ['non-scenic', 0.00011504719]]
[['48.8245685, -124.4664359'], ['non-scenic', 0.00011504719], ['non-scenic', 0.00011504719], ['non-scenic', 0.00011504719]]
[['48.8315467, -124.4765834'], ['non-scenic', 0.00011504719], ['non-scenic', 0.00011504719], ['non-scenic', 0.00011504719]]
[['48.8455726, -124.4749773'], ['non-scenic', 0.00011504719], ['non-scenic', 0.00011504719], ['non-scenic', 0.00011504719]]
[['48.8493722, -124.4762618'], ['non-scenic', 0.00011504719], ['non-scenic', 0.00011504719], ['non-scenic', 0.00011504719]]
[['48.8616865, -124.4757287'], ['non-scenic', 0.00011504719], ['non-scenic', 0.00011504719], ['non-scenic', 0.00011504719]]
[['48.8623986, -124.4739727'], ['non-scenic', 0.00011504719], ['non-scenic', 0.00011504719], ['non-scenic', 0.00011504719]]
[['48.8810554, -124.4829232'], ['non-scenic', 0.00011504719], ['non-scenic', 0.00011504719], ['non-scenic', 0.00011504719]]
[['48.8845857, -124.4801402'], ['non-scenic', 0.00011504719], ['non-scenic', 0.00011504719], ['non-scenic', 0.00011504719]]
[['48.8939081, -124.4622391'], ['non-scenic', 0.00011504719], ['non-scenic', 0.00011504719], ['non-scenic', 0.00011504719]]
[['48.9135806, -124.4750601'], ['non-scenic', 0.00011504719], ['non-scenic', 0.00011504719], ['non-scenic', 0.00011504719]]
[['48.9135966, -124.475346'], ['non-scenic', 0.00011504719], ['non-scenic', 0.00011504719], ['non-scenic', 0.00011504719]]
[['48.9224839, -124.4753653'], ['non-scenic', 0.00011504719], ['non-scenic', 0.00011504719], ['non-scenic', 0.00011504719]]
[['48.9253694, -124.4681164'], ['non-scenic', 0.00011504719], ['non-scenic', 0.00011504719], ['non-scenic', 0.00011504719]]
[['48.92554639999999, -124.4676403'], ['non-scenic', 0.00011504719], ['non-scenic', 0.00011504719], ['non-scenic', 0.00011504719]]
[['48.9256488, -124.4670885'], ['non-scenic', 0.00011504719], ['non-scenic', 0.00011504719], ['non-scenic', 0.00011504719]]
[['47.6790599, -124.4022154'], ['nature and woods', 2.5943866e-06], ['nature and woods', 2.1089409e-06], ['nature and woods', 1.6717256e-06]]
[['47.68868699999999, -124.4089438'], ['fields', 6.7924695e-05], ['nature and woods', 1.2190887e-05], ['nature and woods', 2.9632215e-06]]
[['47.69009639999999, -124.4098386'], ['non-scenic', 4.0884508e-05], ['non-scenic', 2.1587894e-05], ['nature and woods', 1.5009001e-05]]
[['47.6927773, -124.4104649'], ['nature and woods', 1.9379788e-05], ['nature and woods', 1.9119912e-05], ['nature and woods', 1.8094937e-05]]
[['47.7074528, -124.4144394'], ['nature and woods', 3.3517623e-05], ['nature and woods', 8.660897e-06], ['nature and woods', 8.2942779e-06]]
[['47.7469293, -124.4269858'], ['non-scenic', 0.00011504719], ['non-scenic', 0.00011504719], ['non-scenic', 0.00011504719]]
[['47.8111697, -124.4315814'], ['non-scenic', 0.00011504719], ['non-scenic', 0.00011504719], ['non-scenic', 0.00011504719]]
[['47.8219371, -124.452058'], ['non-scenic', 0.00011504719], ['non-scenic', 0.00011504719], ['non-scenic', 0.00011504719]]
[['47.85443220000001, -124.4481908'], ['non-scenic', 0.00011504719], ['non-scenic', 0.00011504719], ['non-scenic', 0.00011504719]]
[['47.8632583, -124.4556993'], ['non-scenic', 0.00011504719], ['non-scenic', 0.00011504719], ['non-scenic', 0.00011504719]]
[['47.8696486, -124.4592321'], ['non-scenic', 0.00011504719], ['non-scenic', 0.00011504719], ['non-scenic', 0.00011504719]]
[['47.877341, -124.4628105'], ['non-scenic', 0.00011504719], ['non-scenic', 0.00011504719], ['non-scenic', 0.00011504719]]
[['47.88814000000001, -124.460058'], ['non-scenic', 0.00011504719], ['non-scenic', 0.00011504719], ['non-scenic', 0.00011504719]]
[['47.8956848, -124.4621201'], ['non-scenic', 0.00011504719], ['non-scenic', 0.00011504719], ['non-scenic', 0.00011504719]]
[['47.9011024, -124.4616455'], ['non-scenic', 0.00011504719], ['non-scenic', 0.00011504719], ['non-scenic', 0.00011504719]]
[['47.915585, -124.459801'], ['non-scenic', 0.00011504719], ['non-scenic', 0.00011504719], ['non-scenic', 0.00011504719]]
[['47.9208332, -124.4633999'], ['non-scenic', 0.00011504719], ['non-scenic', 0.00011504719], ['non-scenic', 0.00011504719]]
[['47.9377752, -124.4682514'], ['non-scenic', 2.8726747e-05], ['non-scenic', 1.1942059e-05], ['nature and woods', 3.7823404e-06]]
[['47.9412116, -124.4629564'], ['non-scenic', 9.7273032e-06], ['nature and woods', 6.3081825e-06], ['non-scenic', 3.7689824e-06]]
[['47.9501072, -124.4620254'], ['non-scenic', 4.3422551e-05], ['nature and woods', 1.6172155e-05], ['nature and woods', 7.3609508e-06]]
[['47.9596155, -124.4641951'], ['non-scenic', 0.00011504719], ['non-scenic', 0.00011504719], ['non-scenic', 0.00011504719]]
[['47.9651654, -124.4590046'], ['non-scenic', 0.00011504719], ['non-scenic', 0.00011504719], ['non-scenic', 0.00011504719]]
[['47.9771082, -124.4605057'], ['non-scenic', 0.00011504719], ['non-scenic', 0.00011504719], ['non-scenic', 0.00011504719]]
[['47.9863763, -124.4615306'], ['non-scenic', 0.00011504719], ['non-scenic', 0.00011504719], ['non-scenic', 0.00011504719]]
[['47.9954263, -124.4624376'], ['non-scenic', 0.00011504719], ['non-scenic', 0.00011504719], ['non-scenic', 0.00011504719]]
[['48.0033252, -124.4635084'], ['non-scenic', 0.00011504719], ['non-scenic', 0.00011504719], ['non-scenic', 0.00011504719]]
[['48.0184299, -124.459122'], ['non-scenic', 0.00011504719], ['non-scenic', 0.00011504719], ['non-scenic', 0.00011504719]]
[['48.0208167, -124.4616541'], ['non-scenic', 0.00011504719], ['non-scenic', 0.00011504719], ['non-scenic', 0.00011504719]]
[['48.022521, -124.469667'], ['non-scenic', 0.00011504719], ['non-scenic', 0.00011504719], ['non-scenic', 0.00011504719]]
[['48.0416736, -124.4618587'], ['non-scenic', 0.00011504719], ['non-scenic', 0.00011504719], ['non-scenic', 0.00011504719]]
[['48.04622579999999, -124.461075'], ['non-scenic', 0.00011504719], ['non-scenic', 0.00011504719], ['non-scenic', 0.00011504719]]
[['48.0573851, -124.4666958'], ['non-scenic', 0.00011504719], ['non-scenic', 0.00011504719], ['non-scenic', 0.00011504719]]
[['48.0676943, -124.4656422'], ['non-scenic', 0.00011504719], ['non-scenic', 0.00011504719], ['non-scenic', 0.00011504719]]
[['48.0754629, -124.4635743'], ['non-scenic', 0.00011504719], ['non-scenic', 0.00011504719], ['non-scenic', 0.00011504719]]
[['48.0845048, -124.4630845'], ['non-scenic', 0.00011504719], ['non-scenic', 0.00011504719], ['non-scenic', 0.00011504719]]
[['48.0940384, -124.465067'], ['non-scenic', 0.00011504719], ['non-scenic', 0.00011504719], ['non-scenic', 0.00011504719]]
[['48.101401, -124.4599115'], ['non-scenic', 0.00011504719], ['non-scenic', 0.00011504719], ['non-scenic', 0.00011504719]]
[['48.1119369, -124.4615966'], ['non-scenic', 0.00011504719], ['non-scenic', 0.00011504719], ['non-scenic', 0.00011504719]]
[['48.1196792, -124.4634975'], ['non-scenic', 0.00011504719], ['non-scenic', 0.00011504719], ['non-scenic', 0.00011504719]]
[['48.131662, -124.4647346'], ['non-scenic', 0.00011504719], ['non-scenic', 0.00011504719], ['non-scenic', 0.00011504719]]
[['48.1392385, -124.4687013'], ['non-scenic', 0.00011504719], ['non-scenic', 0.00011504719], ['non-scenic', 0.00011504719]]
[['48.14399030000001, -124.4618345'], ['non-scenic', 0.00011504719], ['non-scenic', 0.00011504719], ['non-scenic', 0.00011504719]]
[['48.1587867, -124.4621209'], ['non-scenic', 0.00011504719], ['non-scenic', 0.00011504719], ['non-scenic', 0.00011504719]]
[['48.16539050000001, -124.4611422'], ['non-scenic', 0.00011504719], ['non-scenic', 0.00011504719], ['non-scenic', 0.00011504719]]
[['48.1786616, -124.462646'], ['nature and woods', 4.9928218e-05], ['nature and woods', 1.5164712e-05], ['nature and woods', 1.5483066e-06]]
[['48.1856032, -124.4648696'], ['non-scenic', 0.00011504719], ['non-scenic', 0.00011504719], ['non-scenic', 0.00011504719]]
[['48.19335969999999, -124.4611378'], ['non-scenic', 0.00011504719], ['non-scenic', 0.00011504719], ['non-scenic', 0.00011504719]]
[['48.2014878, -124.4624651'], ['non-scenic', 0.00011504719], ['non-scenic', 0.00011504719], ['non-scenic', 0.00011504719]]
[['48.21142529999999, -124.4601986'], ['non-scenic', 0.00011504719], ['non-scenic', 0.00011504719], ['non-scenic', 0.00011504719]]
[['48.2218311, -124.4620255'], ['non-scenic', 0.00011504719], ['non-scenic', 0.00011504719], ['non-scenic', 0.00011504719]]
[['48.2288455, -124.4607411'], ['non-scenic', 0.00011504719], ['non-scenic', 0.00011504719], ['non-scenic', 0.00011504719]]
[['48.2380773, -124.4617214'], ['non-scenic', 0.00011504719], ['non-scenic', 0.00011504719], ['non-scenic', 0.00011504719]]
[['48.2465624, -124.4624426'], ['non-scenic', 0.00011504719], ['non-scenic', 0.00011504719], ['non-scenic', 0.00011504719]]
[['48.2555488, -124.462752'], ['non-scenic', 0.00011504719], ['non-scenic', 0.00011504719], ['non-scenic', 0.00011504719]]
[['48.2647928, -124.4613903'], ['non-scenic', 0.00011504719], ['non-scenic', 0.00011504719], ['non-scenic', 0.00011504719]]
[['48.2740064, -124.4617413'], ['non-scenic', 0.00011504719], ['non-scenic', 0.00011504719], ['non-scenic', 0.00011504719]]
[['48.2826816, -124.460673'], ['non-scenic', 0.00011504719], ['non-scenic', 0.00011504719], ['non-scenic', 0.00011504719]]
[['48.2922684, -124.460801'], ['non-scenic', 0.00011504719], ['non-scenic', 0.00011504719], ['non-scenic', 0.00011504719]]
[['48.3014654, -124.4621176'], ['non-scenic', 0.00011504719], ['non-scenic', 0.00011504719], ['non-scenic', 0.00011504719]]
[['48.3091824, -124.4608385'], ['non-scenic', 0.00011504719], ['non-scenic', 0.00011504719], ['non-scenic', 0.00011504719]]
[['48.3203016, -124.4602771'], ['non-scenic', 0.00034901768], ['non-scenic', 3.9008191e-05], ['nature and woods', 6.1976043e-06]]
[['48.3231069, -124.4665097'], ['water', 5.1679701e-05], ['non-scenic', 3.765602e-05], ['nature and woods', 9.9326089e-06]]
[['48.3281227, -124.4759923'], ['non-scenic', 0.00023789849], ['nature and woods', 1.9880774e-05], ['non-scenic', 1.3283896e-05]]
[['48.3283809, -124.4764628'], ['water', 0.00014718621], ['non-scenic', 1.4278895e-05], ['non-scenic', 6.4790752e-06]]
[['48.5405091, -124.4426888'], ['nature and woods', 9.1041893e-06], ['nature and woods', 9.0929052e-06], ['nature and woods', 2.3450557e-06]]
[['48.5468669, -124.4361127'], ['nature and woods', 0.00014504373], ['nature and woods', 7.929576e-06], ['nature and woods', 3.9535407e-06]]
[['48.5484083, -124.4340791'], ['nature and woods', 3.443917e-05], ['nature and woods', 2.6555065e-06], ['nature and woods', 1.8189561e-06]]
[['48.59936990000001, -124.4303461'], ['nature and woods', 2.2840908e-05], ['nature and woods', 1.9715426e-05], ['nature and woods', 2.9513558e-06]]
[['48.633139, -124.4457521'], ['non-scenic', 0.00011504719], ['non-scenic', 0.00011504719], ['non-scenic', 0.00011504719]]
[['48.6378829, -124.4510268'], ['non-scenic', 0.00011504719], ['non-scenic', 0.00011504719], ['non-scenic', 0.00011504719]]
[['48.645366, -124.460052'], ['non-scenic', 0.00011504719], ['non-scenic', 0.00011504719], ['non-scenic', 0.00011504719]]
[['48.6520936, -124.4635416'], ['non-scenic', 0.00011504719], ['non-scenic', 0.00011504719], ['non-scenic', 0.00011504719]]
[['48.6604393, -124.4593737'], ['non-scenic', 0.00011504719], ['non-scenic', 0.00011504719], ['non-scenic', 0.00011504719]]
[['48.6646979, -124.4549612'], ['non-scenic', 0.00011504719], ['non-scenic', 0.00011504719], ['non-scenic', 0.00011504719]]
[['48.683791, -124.467052'], ['non-scenic', 0.00011504719], ['non-scenic', 0.00011504719], ['non-scenic', 0.00011504719]]
[['48.68792089999999, -124.4617836'], ['non-scenic', 0.00011504719], ['non-scenic', 0.00011504719], ['non-scenic', 0.00011504719]]
[['48.6963236, -124.4618334'], ['non-scenic', 0.00011504719], ['non-scenic', 0.00011504719], ['non-scenic', 0.00011504719]]
[['48.706627, -124.466125'], ['non-scenic', 0.00011504719], ['non-scenic', 0.00011504719], ['non-scenic', 0.00011504719]]
[['48.7168291, -124.4617003'], ['non-scenic', 0.00011504719], ['non-scenic', 0.00011504719], ['non-scenic', 0.00011504719]]
[['48.7242795, -124.4626899'], ['non-scenic', 0.00011504719], ['non-scenic', 0.00011504719], ['non-scenic', 0.00011504719]]
[['48.727395, -124.462255'], ['non-scenic', 0.00011504719], ['non-scenic', 0.00011504719], ['non-scenic', 0.00011504719]]
[['48.746044, -124.463694'], ['non-scenic', 0.00011504719], ['non-scenic', 0.00011504719], ['non-scenic', 0.00011504719]]
[['48.7510603, -124.4617233'], ['non-scenic', 0.00011504719], ['non-scenic', 0.00011504719], ['non-scenic', 0.00011504719]]
[['48.7595768, -124.4609955'], ['non-scenic', 0.00011504719], ['non-scenic', 0.00011504719], ['non-scenic', 0.00011504719]]
[['48.7711074, -124.4676854'], ['non-scenic', 0.00011504719], ['non-scenic', 0.00011504719], ['non-scenic', 0.00011504719]]
[['48.778506, -124.465604'], ['non-scenic', 0.00011504719], ['non-scenic', 0.00011504719], ['non-scenic', 0.00011504719]]
[['48.7864424, -124.4605588'], ['non-scenic', 0.00011504719], ['non-scenic', 0.00011504719], ['non-scenic', 0.00011504719]]
[['48.79593999999999, -124.4616309'], ['non-scenic', 0.00011504719], ['non-scenic', 0.00011504719], ['non-scenic', 0.00011504719]]
[['48.804463, -124.456841'], ['non-scenic', 0.00011504719], ['non-scenic', 0.00011504719], ['non-scenic', 0.00011504719]]
[['48.8127329, -124.4610472'], ['non-scenic', 0.00011504719], ['non-scenic', 0.00011504719], ['non-scenic', 0.00011504719]]
[['48.8230369, -124.4616906'], ['non-scenic', 0.00011504719], ['non-scenic', 0.00011504719], ['non-scenic', 0.00011504719]]
[['48.8318694, -124.4627503'], ['non-scenic', 0.00011504719], ['non-scenic', 0.00011504719], ['non-scenic', 0.00011504719]]
[['48.84212309999999, -124.4583931'], ['non-scenic', 0.00011504719], ['non-scenic', 0.00011504719], ['non-scenic', 0.00011504719]]
[['48.8490233, -124.4597918'], ['non-scenic', 0.00011504719], ['non-scenic', 0.00011504719], ['non-scenic', 0.00011504719]]
[['48.85957610000001, -124.4599424'], ['non-scenic', 0.00011504719], ['non-scenic', 0.00011504719], ['non-scenic', 0.00011504719]]
[['48.87077, -124.4579637'], ['non-scenic', 0.00011504719], ['non-scenic', 0.00011504719], ['non-scenic', 0.00011504719]]
[['48.8880637, -124.4597769'], ['non-scenic', 0.00011504719], ['non-scenic', 0.00011504719], ['non-scenic', 0.00011504719]]
[['48.9097483, -124.4579262'], ['non-scenic', 0.00011504719], ['non-scenic', 0.00011504719], ['non-scenic', 0.00011504719]]
[['48.91297400000001, -124.4639462'], ['non-scenic', 0.00011504719], ['non-scenic', 0.00011504719], ['non-scenic', 0.00011504719]]
[['48.9219714, -124.4606261'], ['non-scenic', 0.00011504719], ['non-scenic', 0.00011504719], ['non-scenic', 0.00011504719]]
[['48.92554089999999, -124.4651091'], ['non-scenic', 0.00011504719], ['non-scenic', 0.00011504719], ['non-scenic', 0.00011504719]]
[['48.9256518, -124.4656536'], ['non-scenic', 0.00011504719], ['non-scenic', 0.00011504719], ['non-scenic', 0.00011504719]]
[['48.9256847, -124.4659513'], ['non-scenic', 0.00011504719], ['non-scenic', 0.00011504719], ['non-scenic', 0.00011504719]]
